W1n5t0n ,N/A,4/29/2020 16:11,
iBot ,N/A,Yesterday 23:59:01,
peboeka ,N/A,Today 11:42:08,
JollyB ,N/A,Today 18:51:51,
TECHcrime ,N/A,1/18/2022 23:07,
WitchBlade ,N/A,5/9/2021 19:27,
werdnA ,N/A,3/12/2021 19:23,
H0ng ,200,Today 19:01:01,
D0chun ,70,Today 19:01:01,230.185.164.195
Lusung ,165,Today 19:01:01,
Gilhong ,125,Today 19:01:01,
Hajoon ,40,Today 19:01:01,
Jinyung ,55,Today 19:01:01,3.174.238.201
Yungmuk ,100,Today 19:01:01,
Ryu ,150,Today 19:01:01,
Bunyang ,190,Today 19:01:01,
Bunah ,115,Today 19:01:01,
Jinbin ,140,Today 19:01:01,
Jinsoyun ,85,Today 19:01:01,
Jyansei ,175,Today 19:01:01,
Unknown ,120,,
Unknown ,100,,
Unknown ,72,,
Bubba ,199,,
Sins ,0,8/14/2018 21:41,
Hacker not found.,NaN,NaN,
Hacker not found.,NaN,NaN,
Unknown ,0,2/3/2022 20:06,
Unknown ,0,3/9/2022 20:23,
Unknown ,0,3/6/2022 18:14,
Unknown ,0,2/23/2022 10:29,
Unknown ,0,2/23/2022 10:29,
Unknown ,0,3/8/2022 10:30,
Unknown ,0,2/27/2022 18:19,
Unknown ,0,3/3/2022 21:53,
Unknown ,0,2/21/2022 2:26,
Unknown ,0,2/10/2022 14:58,
Unknown ,0,2/26/2022 15:19,
Unknown ,0,2/28/2022 4:27,
Unknown ,0,3/1/2022 14:23,
Unknown ,0,2/17/2022 6:07,
Unknown ,0,3/8/2022 20:14,
Unknown ,0,2/13/2022 5:15,
Unknown ,0,2/3/2022 1:59,
Unknown ,0,2/26/2022 3:43,
Unknown ,0,2/24/2022 7:01,
Unknown ,0,12/28/2021 9:45,
Unknown ,0,Yesterday 12:59:21,
Unknown ,0,2/7/2022 15:02,
Unknown ,0,2/27/2022 15:18,
Unknown ,0,2/28/2022 11:36,
Unknown ,0,2/12/2022 5:11,
Unknown ,0,2/26/2022 0:16,
Unknown ,0,1/18/2022 7:42,
Unknown ,0,2/14/2022 7:14,
Unknown ,0,2/28/2022 21:23,
Unknown ,0,Yesterday 02:24:23,
Unknown ,0,3/8/2022 17:30,
Unknown ,0,3/3/2022 14:34,
Unknown ,0,3/8/2022 16:52,
Unknown ,0,2/23/2022 14:33,
Unknown ,0,3/8/2022 23:09,
Unknown ,0,11/29/2021 2:14,
Unknown ,0,2/3/2022 1:44,
Unknown ,0,2/23/2022 15:32,
Unknown ,0,3/3/2022 2:10,
Unknown ,0,12/21/2021 2:26,
Unknown ,0,2/12/2022 15:46,
Unknown ,0,2/7/2022 15:13,
brincas ,N/A,4/13/2020 2:54,
Unknown ,0,2/24/2022 14:17,
Unknown ,0,3/9/2022 14:59,
Unknown ,0,3/9/2022 9:41,
Unknown ,0,Yesterday 06:37:04,
Unknown ,0,3/9/2022 2:11,
Unknown ,0,3/9/2022 12:14,
Unknown ,0,2/26/2022 18:04,
Unknown ,0,11/26/2021 3:42,
Unknown ,0,Yesterday 15:37:00,
Unknown ,0,3/1/2022 11:24,
Unknown ,0,2/1/2022 8:15,
Unknown ,0,3/3/2022 4:01,
Unknown ,0,11/19/2021 16:53,
Unknown ,0,2/3/2022 9:24,
Unknown ,0,2/28/2022 14:20,
Unknown ,0,2/28/2022 14:20,
Unknown ,0,1/24/2022 12:46,
Unknown ,0,3/1/2022 21:45,
Unknown ,0,Yesterday 12:42:01,
Hacker not found.,NaN,NaN,
Unknown ,0,2/28/2022 12:52,
Unknown ,0,2/28/2022 16:00,
Unknown ,0,2/25/2022 16:50,
Unknown ,0,2/24/2022 18:53,
Unknown ,0,3/9/2022 6:24,
Unknown ,0,Yesterday 09:14:16,
Unknown ,0,3/8/2022 19:24,
Unknown ,0,2/4/2022 14:54,
Unknown ,0,Yesterday 10:02:40,
Unknown ,0,2/19/2022 16:30,
Unknown ,0,2/13/2022 2:40,
Unknown ,0,12/30/2021 10:26,
Unknown ,0,3/9/2022 12:33,
Unknown ,0,2/13/2022 16:46,
Unknown ,0,2/21/2022 1:54,
Unknown ,0,3/9/2022 18:05,
Unknown ,0,3/3/2022 14:17,
Unknown ,0,Yesterday 01:15:20,
Unknown ,0,3/4/2022 20:46,
Unknown ,0,3/8/2022 14:20,
Unknown ,0,Yesterday 05:54:00,
Unknown ,0,12/20/2021 23:56,
Unknown ,0,2/12/2022 7:43,
Unknown ,0,2/18/2022 0:27,
Unknown ,0,3/8/2022 11:17,
Unknown ,0,2/20/2022 3:52,
Unknown ,0,1/23/2022 13:27,
Unknown ,0,2/14/2022 9:49,
Unknown ,0,1/25/2022 21:23,
Unknown ,0,2/14/2022 4:39,
Unknown ,0,2/23/2022 17:06,
Unknown ,0,3/9/2022 17:47,
Unknown ,0,3/3/2022 16:36,
Unknown ,0,1/24/2022 15:19,
Unknown ,0,1/24/2022 8:45,
Unknown ,0,3/8/2022 6:20,
Unknown ,0,2/2/2022 20:12,
Unknown ,0,Yesterday 01:07:18,
Unknown ,0,1/27/2022 11:58,
Unknown ,0,Yesterday 16:06:04,
Unknown ,0,2/22/2022 18:38,
Unknown ,0,2/18/2022 16:24,
Unknown ,0,3/8/2022 13:38,
Unknown ,0,11/16/2021 22:08,
Unknown ,0,1/17/2022 19:46,
Unknown ,0,2/13/2022 16:05,
Unknown ,0,3/8/2022 20:29,
Unknown ,0,Yesterday 09:08:57,
Unknown ,0,1/24/2022 19:40,
Unknown ,0,Yesterday 18:17:32,
Unknown ,0,3/3/2022 19:19,
Unknown ,0,3/8/2022 11:48,
Unknown ,0,2/24/2022 2:57,
Unknown ,0,3/3/2022 2:18,
Unknown ,0,2/15/2022 18:31,
Unknown ,0,Yesterday 19:01:31,
You can not view profiles of disabled accounts.,NaN,NaN,
You can not view profiles of disabled accounts.,NaN,NaN,
Event ,140,12/24/2018 12:01,
Zero0Core ,123,Yesterday 18:25:07,
GlitchaPalooza ,175,Today 04:07:46,
Dylanstone ,2,12/17/2018 0:11,
jasonlawless ,0,12/14/2018 21:19,
Anaemic ,0,12/14/2018 21:36,
Argus ,13,7/4/2021 19:41,
xNeo ,56,2/7/2022 18:39,121.109.198.172
TJDOT777 ,0,4/14/2019 21:34,
DarkVortex ,0,12/15/2018 0:38,
hacker280 ,105,11/24/2020 14:36,
Sins901 ,0,7/20/2021 15:22,
ALEX345 ,118,3/7/2022 22:17,
THEM ,0,12/15/2018 10:39,
qwq233 ,68,12/5/2020 7:11,
MrL ,145,1/31/2022 3:08,
Eddie ,28,9/6/2021 9:12,
IISHACKER ,0,12/18/2018 17:24,
Hacker not found.,NaN,NaN,
jamie ,104,1/14/2020 18:22,
aptx14159265 ,67,2/8/2019 11:05,
ThatBratRyan ,4,12/16/2018 23:46,
yxc ,82,1/1/2019 13:31,
R3boot1 ,0,11/5/2021 12:46,
Nekokun ,9,12/24/2018 14:36,
MissToshi ,147,11/21/2021 3:47,
Colton ,N/A,12/19/2021 3:19,
Nucl3ar ,69,10/21/2020 21:07,
ap0r ,2,12/17/2018 16:56,
Delta30 ,12,11/1/2020 4:39,
Cybernatic ,86,1/13/2020 8:15,
Ch4ron ,22,12/26/2019 4:59,
kkk1339 ,66,6/26/2019 15:17,
Lulan ,0,12/22/2018 11:58,
Carolos ,91,12/31/2019 3:06,
Hacker not found.,NaN,NaN,
Samarium1 ,9,9/6/2021 17:10,
Hacker not found.,NaN,NaN,
NoneStar ,1,2/21/2022 23:15,
3161301910,0,12/24/2018 10:08,
Hacker not found.,NaN,NaN,
You can not view profiles of disabled accounts.,NaN,NaN,
TheSaint ,152,2/22/2022 13:43,
Lady ,82,1/8/2022 12:44,
stage4000 ,0,12/26/2018 16:50,
WiseGuyV2 ,53,2/18/2021 21:35,224.119.109.160
ChaoticAngel74 ,105,Today 02:22:36,
Kami06 ,110,1/4/2020 22:58,
Spyke1 ,0,1/4/2019 17:57,
Orcus ,0,12/31/2018 19:54,
IAHM ,0,1/1/2019 20:02,
IAHM ,0,1/1/2019 20:02,
Mudkip ,71,2/16/2022 1:37,
lenahu ,0,1/22/2019 3:53,
Dusk ,24,1/19/2019 23:24,
Winson ,0,1/5/2019 6:33,
Xcripter ,1,7/9/2021 17:32,
DoctorWho ,0,1/6/2019 17:53,
TheKnight1993 ,12,1/13/2019 15:15,
Rhobyte ,102,10/4/2021 2:47,
Tanks152 ,0,1/11/2019 1:59,
NSAxCoyote ,0,1/11/2019 5:04,
heckermen333 ,0,1/11/2019 12:41,
Hacker not found.,NaN,NaN,
ArcaneTrickster ,0,1/11/2019 17:54,
Hacker not found.,NaN,NaN,
WillU ,0,1/12/2019 7:06,
Fork ,0,9/30/2019 6:33,
Slayerbeef ,0,1/12/2019 11:05,
Hacker not found.,NaN,NaN,
H4z3 ,0,1/12/2019 16:08,
Skardo ,1,1/12/2019 20:34,
Fynn ,78,9/29/2020 13:56,
dbrine757 ,0,1/14/2019 5:07,
crazy ,141,4/9/2021 10:08,
Buxxxbunnyboiii ,0,1/13/2019 14:06,
H3seas0n ,0,1/13/2019 15:57,
Hacker not found.,NaN,NaN,
rwmvangulik ,0,9/30/2019 13:19,
Mark ,73,5/3/2020 11:41,
HiroProtagonist ,88,7/21/2019 2:10,
DaroLaSararabi ,59,10/28/2020 11:20,
z0n3tr1pp3r ,44,11/8/2021 5:47,
Sneaky ,91,1/30/2019 13:27,
Hacker not found.,NaN,NaN,
Ice ,12,1/14/2019 17:14,
Lockdogg ,16,1/17/2019 12:55,
Thomas123 ,0,1/14/2019 18:40,
xavlkx ,0,1/15/2019 0:49,
Hacker not found.,NaN,NaN,
xylodrones ,10,1/17/2019 3:37,
Hacker not found.,NaN,NaN,
SalazarFrozen ,0,1/15/2019 3:25,
Hacker not found.,NaN,NaN,
Hacker not found.,NaN,NaN,
Druif ,18,4/3/2019 17:08,
Lockdogg12 ,7,1/16/2019 13:46,
CLAY ,0,1/15/2019 20:31,
Onwuh ,0,1/15/2019 22:22,
Nakyle23 ,0,1/16/2019 1:14,
Hacker not found.,NaN,NaN,
System ,0,1/16/2019 2:08,
shghacks ,0,1/16/2019 2:09,
Hacker not found.,NaN,NaN,
Myziam ,6,1/16/2019 14:06,
Hacker not found.,NaN,NaN,
DerFlo1 ,0,1/17/2019 12:54,
Sven2k ,171,Today 06:13:45,
lycoro ,27,11/9/2019 15:06,
hackerman1 ,0,1/19/2019 18:40,
Hacker not found.,NaN,NaN,
krizis ,0,1/20/2019 9:03,
vintermut ,0,5/6/2019 9:47,
Igor86 ,0,1/20/2019 3:27,
blackhat666 ,0,1/20/2019 3:43,
S3rigala ,0,1/20/2019 12:01,
Potato ,0,1/20/2019 14:32,
SESfinalEnd ,0,1/20/2019 14:28,
Hacker not found.,NaN,NaN,
gjc2008q ,0,1/20/2019 14:21,
ray1 ,0,1/20/2019 14:57,
Flow ,0,1/20/2019 16:30,
Thehumman ,0,1/20/2019 17:39,
Benxfisher ,0,1/20/2019 19:03,
mraka100 ,0,1/21/2019 21:00,
Yovngjohnny ,0,1/20/2019 21:12,
Hacker not found.,NaN,NaN,
Zodiac1321 ,0,1/20/2019 22:17,
Jackzo ,0,1/20/2019 22:56,
mate8 ,0,1/20/2019 23:28,
guojiaqing ,0,1/21/2019 1:03,
Hacker not found.,NaN,NaN,
Zile99 ,0,1/21/2019 1:38,
Hacker not found.,NaN,NaN,
spenkk ,0,1/21/2019 2:00,
DaShrek ,0,1/21/2019 2:03,
Hacker not found.,NaN,NaN,
Hacker not found.,NaN,NaN,
Hacker not found.,NaN,NaN,
Hacker not found.,NaN,NaN,
Mrmatiii ,18,1/22/2019 11:24,
mrdark ,0,1/21/2019 11:04,
ramcic ,0,1/21/2019 16:19,
Skyrockerrz ,0,1/21/2019 11:41,
Hacker not found.,NaN,NaN,
bioshock933 ,2,1/22/2019 2:25,
mental05 ,0,3/21/2020 0:31,
wAXy ,0,1/21/2019 19:01,
Hacker not found.,NaN,NaN,
z0mby123 ,0,1/21/2019 20:13,
Bishop ,0,1/21/2019 20:57,
Hacker not found.,NaN,NaN,
Hacker not found.,NaN,NaN,
Hacker not found.,NaN,NaN,
Klajdiduro0 ,0,1/21/2019 22:24,
Hacker not found.,NaN,NaN,
holja99 ,0,1/22/2019 10:46,
Hacker not found.,NaN,NaN,
Samagons ,0,1/22/2019 12:22,
Hacker not found.,NaN,NaN,
yy106 ,12,1/29/2019 7:30,
Hacker not found.,NaN,NaN,
UnknownTheHuman ,0,1/24/2019 21:59,
Hacker not found.,NaN,NaN,
Useless ,0,1/26/2019 18:50,
Don ,0,1/26/2019 18:56,
CrimsonKingXII ,0,1/28/2019 22:57,
mutian ,0,1/29/2019 15:10,
xrh0905 ,31,2/14/2022 9:51,
rave ,11,3/11/2021 8:21,
Mav ,13,2/1/2019 7:04,
sunny ,12,2/2/2019 15:31,
Err0r233 ,71,8/10/2019 10:59,
Kaguya ,0,2/1/2019 7:24,
dmitrithecat ,0,2/1/2019 7:53,
who ,13,2/2/2019 7:46,
FutabaRio ,0,2/1/2019 8:04,
ishook ,1,2/1/2019 10:42,
Mrraindrop ,17,2/5/2019 7:54,
HuiNight ,0,2/1/2019 9:23,
Dark1 ,0,2/1/2019 11:09,
SakitamQ ,0,2/1/2019 12:51,
SakitamQ ,0,2/1/2019 12:51,
TheRealKamisama ,0,2/1/2019 12:50,
EnderXrem ,0,3/21/2020 13:51,
delds ,0,2/2/2019 3:57,
Lucyfer ,0,2/2/2019 11:38,
Waschbear ,0,2/3/2019 16:06,
Ethereum ,28,2/6/2019 1:34,
lkillingl ,0,2/3/2019 23:55,
CoreByte ,112,9/12/2021 21:13,
avril18 ,26,2/22/2019 23:43,
CostPerNite ,0,2/5/2019 1:29,
droid600291 ,19,10/27/2020 17:35,
H3ad ,0,2/5/2019 17:19,
TyrantSearch ,29,2/15/2019 0:44,
Hacker not found.,NaN,NaN,
Appeltje043 ,0,2/6/2019 14:11,
crazycany ,2,2/11/2019 14:06,
guilt ,0,2/7/2019 4:33,
Hacker not found.,NaN,NaN,
zogn0t ,72,2/12/2019 14:35,
fulon ,12,2/8/2019 14:10,
cotaceco ,13,2/8/2019 10:39,
Allohn ,0,2/9/2019 17:55,
murzel4o ,0,2/9/2019 21:28,
Miz ,168,7/18/2020 9:12,
Tora ,89,1/14/2021 22:04,
Opt1kal ,0,2/10/2019 13:45,
Hacker not found.,NaN,NaN,
deathstance ,0,2/10/2019 20:00,
snowwolf ,2,5/24/2019 9:57,
FSWEDGG ,0,2/11/2019 15:52,
Dalebic7 ,0,2/11/2019 19:15,
Taupe ,1,2/11/2019 20:46,
Exsper ,48,1/12/2020 12:29,
AllisonAI ,0,2/12/2019 15:08,
Hacker not found.,NaN,NaN,
TGReddy ,0,2/14/2019 7:54,
worlock429 ,39,6/18/2021 4:02,
101000001,47,2/23/2019 13:23,
Bridge ,11,2/16/2019 8:40,
DemSephiroth ,19,6/1/2019 11:46,
tomato ,0,2/15/2019 17:01,
kag604 ,2,2/15/2019 17:44,
davixx ,1,2/15/2019 17:59,
GhooSe ,0,2/15/2019 18:44,
vlrags ,0,2/16/2019 14:07,
Hexacore ,0,2/17/2019 18:15,
Osteogenesis ,1,2/18/2019 13:57,
DrClawizDead ,2,2/19/2019 3:34,
MegaBeast1476 ,2,2/19/2019 5:28,
Omega ,0,10/20/2019 3:13,
Omega ,0,10/20/2019 3:13,
Beastmode990 ,19,2/25/2019 12:07,
FoohonPie ,0,2/21/2019 21:11,
Verri ,3,2/21/2019 2:07,381
Errando ,37,2/27/2019 17:19,
MFVA ,0,1/27/2020 9:52,
Nox ,4,2/21/2019 3:27,
TheRedOne ,0,2/21/2019 12:23,
SilvanisYew ,0,2/21/2019 21:38,
Arctyc ,16,2/23/2019 3:09,
AceeZ ,0,2/22/2019 2:04,
Tengolibro ,0,2/22/2019 5:05,
princeofmar5 ,12,2/26/2019 16:14,
Vornlyn ,0,2/22/2019 20:16,
SrFlea ,0,2/22/2019 20:33,
MateusPT ,0,2/22/2019 20:34,
billcipher ,27,3/2/2019 0:47,
manic ,0,2/22/2019 21:26,
Kieren ,0,2/23/2019 0:11,
Sheldor ,0,2/23/2019 18:41,
0xdeadface ,0,2/23/2019 18:29,
Anasofia ,2,2/27/2019 21:39,
Dipper ,38,3/4/2019 0:49,
SirCristo ,37,7/19/2020 15:27,
F1lt3r ,0,2/24/2019 1:16,
EternalErosion ,12,3/28/2019 16:08,
Danoh13 ,0,2/24/2019 22:50,
thezomb1e ,2,2/25/2019 1:49,
Karubo ,0,2/25/2019 1:00,
Solini ,13,2/25/2019 6:45,
LilithGame ,0,2/25/2019 17:31,
Chunce ,0,2/26/2019 11:21,
mayweather ,0,2/26/2019 17:02,
Jerry81 ,0,2/26/2019 19:57,
Noshyd ,0,2/27/2019 0:38,
KingOtakur ,0,2/27/2019 2:38,
Rocky ,0,2/27/2019 15:22,
TheBanker ,2,3/4/2019 16:30,
WaNNaBe ,12,3/1/2019 10:05,
PfeilImKopf ,0,2/28/2019 21:56,
Kozeyuko ,3,3/2/2019 20:01,
Saksespark ,0,3/2/2019 1:39,
MonarchofAll ,0,3/3/2019 0:39,
MatiasMunk ,8,3/4/2019 9:56,
Ivikis ,0,3/3/2019 13:29,
Mythrandir ,0,3/3/2019 20:20,
Sintyx ,0,3/3/2019 22:41,
Cmcsmith ,0,3/3/2019 22:48,
Zanoab ,3,3/4/2019 3:18,
McCamant ,0,3/4/2019 2:57,
Rouna ,0,3/4/2019 4:16,
jonnyboi ,0,3/4/2019 6:18,
Dracogar ,0,3/4/2019 16:27,
Killertaz17 ,6,3/5/2019 16:38,
FireFighterx337 ,0,3/5/2019 2:43,
Solomon1 ,0,3/5/2019 5:02,
Valure ,13,3/5/2019 11:50,
ImTheStandard ,0,3/5/2019 15:47,
Natrissa ,1,3/5/2019 23:20,
bitnet ,4,3/6/2019 5:37,
asdfghjkl ,0,3/5/2019 22:32,
ManicDeadman ,3,3/25/2019 7:58,
hypersnorlax ,0,3/6/2019 2:03,
Karmakazi42 ,0,3/6/2019 2:21,
xOdyssey ,61,3/14/2019 18:20,
FelicitySmoak ,0,3/6/2019 18:29,
ImNilex ,1,3/6/2019 21:01,
Salad ,0,3/6/2019 21:40,
ReelDeel ,26,3/9/2019 0:19,
nosam ,17,3/26/2021 18:58,
NomenNescio ,0,3/8/2019 14:30,
Fiodel ,0,3/8/2019 22:11,
TheHackerMan ,14,3/13/2019 11:06,
divyank ,6,3/11/2019 15:56,
1887855,51,3/15/2019 9:25,212.160.59.105
Sashank999 ,93,12/28/2020 5:16,
Minty ,0,3/13/2019 5:44,
wartotal ,0,3/13/2019 16:15,
Gorex ,0,3/14/2019 16:57,
Selflon ,116,6/10/2020 23:38,
Serious67 ,0,3/15/2019 18:27,
Phloh ,109,4/5/2019 15:56,
defireal ,0,3/16/2019 0:21,
SkepticBot ,2,3/17/2019 1:40,
MoBros ,0,10/8/2021 6:18,
Runkies ,33,4/8/2020 9:18,
Cieloette ,2,3/17/2019 9:13,
Starvin ,0,3/17/2019 9:34,
Toyfreedman ,0,3/18/2019 1:35,
BlacAmDK ,2,3/18/2019 4:08,
hlp470 ,4,3/18/2019 4:50,
MitoG ,1,3/30/2020 11:18,
ErebusAres ,0,3/19/2021 16:35,
Neniu ,1,11/19/2019 8:38,
Hector_JL ,152,9/6/2019 23:00,
makikatze ,13,4/1/2019 8:21,
cahema ,1,3/19/2019 19:49,
Andrew760 ,0,3/20/2019 13:51,
bronon ,0,3/20/2019 14:03,
lilke ,0,3/21/2019 9:36,
drknxs ,26,4/21/2019 19:48,
Neon ,0,3/22/2019 9:17,
Pesoen ,0,3/22/2019 11:17,
Paladine ,2,3/22/2019 16:34,
RealSuperNinja ,22,3/25/2020 12:53,
nicklagg ,1,3/22/2019 20:30,
difuer ,0,3/24/2019 4:15,
Blueglacei ,0,3/24/2019 8:16,
panagiks ,1,3/24/2019 11:41,
Davlin ,66,4/23/2019 23:18,
Tiorhotus ,16,3/29/2019 18:29,
kmyuan2006 ,0,3/26/2019 7:25,
xEPIx ,0,3/26/2019 17:36,
AmICool ,0,3/26/2019 18:00,
TheDasher ,4,3/30/2019 17:52,
GoldenLys ,0,3/27/2019 4:31,
MrHillo ,64,4/9/2019 8:52,
nobodysprincess ,0,3/29/2019 19:04,
hellblazer17 ,0,3/27/2019 19:53,
Mydogisfast ,2,3/28/2019 1:40,
ProvenDragon25 ,42,9/16/2020 17:59,
Systos ,44,3/30/2019 23:37,
Wasp ,26,12/12/2021 7:48,
TJS ,12,12/3/2019 8:58,
mpg ,19,12/17/2019 8:41,
GMDrez ,1,3/30/2019 13:09,
Hairymuppet ,2,3/30/2019 23:45,
TrashLegion ,1,4/9/2020 21:04,
kchntn ,32,4/3/2019 21:03,
cheesetovey ,47,4/19/2019 4:36,
tigoreetur ,0,4/1/2019 8:03,
Peacemaker908 ,0,4/1/2019 14:40,
jamesckelsall ,26,4/2/2019 22:37,
404,0,4/1/2019 19:13,
C1t1z3n4 ,0,4/1/2019 20:36,
fno112 ,72,12/18/2021 19:26,
moefnym ,0,4/2/2019 11:13,
Neoryu ,0,4/4/2021 6:43,
DontHackMe ,0,4/2/2019 21:31,
mythgod ,0,4/3/2019 7:51,
bmw546 ,0,4/3/2019 2:34,
puppu ,1,11/10/2020 7:04,
AppleMac ,0,4/3/2019 18:32,
mikexkllr ,0,4/3/2019 22:41,
AlphaD0XX ,0,4/5/2020 3:17,
Visanima ,0,5/4/2019 17:00,
HackyHacky ,13,4/19/2019 5:44,
deadman626 ,7,12/9/2020 11:46,
Zenith ,0,4/5/2019 9:29,
Smitti ,0,4/5/2019 15:28,
drutism ,0,4/5/2019 20:38,
kornkaobat ,69,5/22/2020 14:30,
Toskin ,3,12/7/2019 15:18,
lolsky ,2,4/8/2019 2:06,
Mikaeles ,0,4/7/2019 0:18,
grumber ,13,4/7/2019 21:30,
STendermenCN123 ,0,4/7/2019 4:12,
silvio2402 ,0,4/7/2019 18:54,
DragonFest ,114,10/15/2021 15:00,
troyanoz ,0,4/7/2019 15:25,
TheCallofMine ,27,4/13/2020 18:12,
Hakuoro ,26,4/11/2019 7:32,
clear ,19,4/9/2019 11:11,
Marvinwum ,3,4/8/2019 21:12,
S1D3 ,24,4/11/2019 20:52,
Marcy ,0,4/8/2019 21:51,
riocat ,0,3/3/2020 3:06,
theHeck ,0,4/9/2019 15:50,
lukasz26671 ,14,4/12/2019 17:11,
M4kimogami ,2,4/14/2019 22:20,
nizamgates ,0,4/10/2019 10:06,
OBorgqvist ,0,4/10/2019 11:14,
Mattse5 ,23,12/26/2019 13:33,
kirsin ,7,4/16/2019 1:06,
cyberrabbit88 ,0,4/12/2019 21:00,
ggwp ,0,4/11/2019 12:28,
Gamer2112 ,0,4/12/2019 22:27,
austinmpi ,0,4/13/2019 19:42,
Fabijoey ,0,4/13/2019 15:49,
Velust ,0,4/13/2019 17:08,
truedemon ,0,4/13/2019 23:08,
lzhjk ,11,4/19/2019 6:02,
DarkLion ,0,4/14/2019 17:31,
Lewdox ,8,4/15/2019 16:09,
kyfho ,1,4/15/2019 1:58,
QuintonKelstrum ,0,4/15/2019 16:28,
RedByte ,2,4/22/2020 17:09,
LuckyMystic ,0,4/15/2019 18:22,
bloodmusician ,0,4/15/2019 23:57,
Jerecools ,44,4/27/2019 9:30,
tsu ,2,4/16/2019 10:45,
Drughi ,0,4/17/2019 8:26,
Arkina ,0,4/16/2019 15:38,
Mindus ,7,4/17/2020 10:07,
Jasper ,0,4/16/2019 23:00,
XiaXetra ,2,4/18/2019 20:35,
borrel ,13,1/25/2022 3:36,
msa ,11,4/17/2019 16:15,
aless2003 ,1,4/17/2019 18:45,
YanQAQ ,0,4/17/2019 22:42,
madmoon ,0,12/30/2019 10:18,
SkyIsLimit ,0,4/18/2019 17:00,
Jasin ,11,12/26/2019 16:10,
alternativ31 ,53,5/8/2021 10:29,255.237.213.133
CreepyG ,0,4/19/2019 21:00,
Sud1x ,18,4/20/2019 22:57,
JayPNG ,0,4/20/2019 8:09,
ChesterPL ,23,4/21/2019 18:08,
kazz ,0,4/20/2019 15:43,
mastermind240 ,0,4/20/2019 17:24,
Vergila ,0,4/20/2019 22:32,
GreySith ,0,4/22/2020 3:15,
PiragnaQwest1 ,1,4/22/2020 12:13,
Skeletonline ,0,4/21/2019 12:08,
B3g4j03l ,0,4/22/2019 3:03,
mself ,0,4/22/2019 11:11,
mokdad ,0,4/22/2019 18:26,
KapiteinMerijn ,3,5/24/2020 11:42,
Mendret ,1,4/23/2019 18:52,
nicholasr ,0,4/23/2019 10:29,
nicholasr2 ,0,4/23/2019 11:19,
dossbill ,0,4/23/2019 13:06,
ScriptingFeline ,12,4/23/2019 16:34,
BobbyTables2019 ,2,4/24/2019 20:15,
backin ,0,4/23/2019 19:24,
Blackcat ,52,5/3/2019 11:51,
TaloniumSW ,0,1/8/2021 3:35,
WarMad ,27,9/3/2021 17:51,
Philipp3 ,51,6/8/2020 0:51,
l33tMateN00b ,31,4/30/2020 9:20,
tester ,9,5/2/2019 16:52,
Creep ,0,4/24/2019 21:56,
hackerexecute ,2,3/25/2020 19:11,
Fineteeth ,0,4/25/2019 7:07,
azog87 ,12,1/27/2020 8:11,
vivacer ,0,4/25/2019 21:51,
caimen ,1,4/25/2019 22:57,
Caevee ,1,4/26/2019 0:30,
Xatu ,0,11/6/2019 11:25,
illuminat33 ,49,5/1/2019 18:18,
DamBuster ,1,4/26/2019 17:51,
PixieKat ,0,2/23/2021 6:51,
Nexus ,27,5/4/2019 16:17,
WhiteDiamond ,57,5/4/2020 21:30,
Theomega ,0,4/28/2019 3:26,
Trix ,0,4/27/2019 16:42,
makewebgames ,0,4/27/2019 17:23,
Squiddles ,4,4/27/2019 21:04,
i6sj7 ,0,4/29/2019 9:04,
panzajp ,0,4/29/2019 11:50,
uur83 ,0,4/29/2019 10:33,
kaboem ,28,5/9/2019 14:30,
Core ,83,5/17/2019 12:54,
AvsarHan ,3,4/29/2019 14:28,
mummel ,33,6/11/2019 15:18,
garados ,17,4/30/2019 10:02,
Roaxis ,0,4/30/2019 4:52,
ABC ,0,4/30/2019 19:04,
Crasher ,0,4/30/2019 22:31,
bullet ,0,5/1/2019 8:33,
Murtagh ,2,5/1/2019 15:47,
arizart ,0,1/3/2022 4:20,
Marfe ,0,5/1/2019 20:48,
0xBADc0De ,2,5/1/2019 23:06,
WhitePixel ,2,5/2/2019 1:56,
SherlockGuo432 ,0,5/2/2019 4:28,
samual ,0,1/28/2020 0:43,
jjkoikoi ,14,5/12/2019 22:13,
Teppo ,72,10/19/2021 2:26,
Elewar ,17,5/4/2019 20:28,
Anom ,0,1/4/2021 19:27,
bdafreestyle ,127,12/5/2019 0:04,
CMD ,114,5/19/2020 19:29,
conbla ,2,5/3/2019 3:28,
XIAOHAOZXC ,1,5/3/2019 6:08,
li2856705 ,0,1/4/2020 8:08,
thinkdev ,0,5/3/2019 11:04,
Siege ,82,8/2/2019 21:03,
Mary ,2,5/4/2019 9:59,
Gottchi ,0,5/3/2019 15:31,
EsmeblY ,0,5/3/2019 17:51,
Mobilatic ,0,5/3/2019 18:05,
getro ,2,5/3/2019 18:50,
gpukys ,0,5/3/2019 21:18,
Trapatoni ,0,5/3/2019 23:13,
Bananas ,0,5/4/2019 0:02,
DGS3103 ,128,10/26/2021 0:41,
Agusanz ,0,5/4/2019 4:14,
otexeto ,8,5/6/2020 9:17,
GeorgeJoaca ,0,5/4/2019 9:51,
ivan00bg ,0,5/6/2019 18:38,
Cbibo ,0,5/4/2019 14:22,
Mitkashin ,12,5/5/2019 1:45,
milanrobi ,0,5/4/2019 16:14,
pelado_pnk ,63,1/23/2020 21:03,
DeepZone ,23,5/6/2019 20:44,
nixet ,0,5/4/2019 18:32,
unesic ,0,5/4/2019 19:23,
Rajroe ,0,5/4/2019 20:28,
DarkSonic1338 ,0,5/4/2019 21:54,
janktank ,6,5/8/2019 10:20,
Crystal ,0,5/4/2019 22:59,
quragenn ,0,5/5/2019 1:07,
kerimbegic ,0,5/5/2019 9:36,
Crankdat ,0,5/5/2019 10:58,
Sisoje ,0,5/5/2019 11:50,
Shadow1 ,0,5/5/2019 12:46,
Gerwasius ,3,5/5/2019 13:41,
L9rossich ,0,5/5/2019 13:36,
Tastbro ,0,5/5/2019 15:05,
Kyranian ,0,5/5/2019 15:20,
Marioajdinaj ,0,5/5/2019 16:48,
WiseRichGuy ,0,5/5/2019 16:40,
luja ,0,5/5/2019 18:33,
xxshayabusa ,4,5/5/2019 20:09,
PROdotes ,0,5/5/2019 19:55,
RooT1 ,2,5/6/2019 20:13,
XeonraY ,11,5/16/2021 14:36,
Senpxi ,0,5/9/2019 11:02,
DexE ,0,5/6/2019 1:20,
wowkoman ,0,5/6/2019 2:04,
bolesni ,0,5/6/2019 3:48,
NewJoarpa ,12,2/10/2020 22:32,
golyalpha1 ,58,2/12/2022 19:26,
Shack ,0,5/6/2019 12:08,
FreakingWater ,0,5/6/2019 9:52,
sukhoy ,0,5/6/2019 10:15,
eclipsecurve ,0,5/6/2019 11:28,
Whoami1111 ,13,5/13/2019 0:17,
Tjoekie ,17,5/7/2019 16:34,
MoriRo ,13,4/10/2021 15:01,
Mrhacks ,0,5/6/2019 14:26,
Daniel ,0,5/6/2019 19:18,
Kure ,0,5/6/2019 20:26,
TrapGodZed ,0,5/6/2019 20:11,
Uborkaharcos ,0,5/6/2019 23:02,
Melkor ,32,5/11/2019 1:36,
master ,0,5/6/2019 23:57,
Slax ,0,5/7/2019 6:30,
Yuuki ,0,5/7/2019 7:02,
InSane2k ,0,5/7/2019 20:41,
ketter ,0,5/7/2019 8:56,
Legion4ever ,0,5/7/2019 10:48,
Dodger ,24,5/9/2019 10:47,
Bare7a ,0,5/7/2019 12:56,
ComputerEngine ,0,2/12/2021 3:47,
MrODuibh ,1,5/17/2019 20:35,
MagicHacker ,4,5/7/2019 21:47,
YvyKiwiHacker ,24,5/12/2019 11:30,
MrPancakers ,0,1/1/2022 14:25,
zhong ,104,Today 01:58:07,
Freqman ,3,5/8/2019 3:36,
feelsbadmanjpeg ,1,5/8/2019 11:27,
Masdus ,2,5/8/2019 15:25,
Andwing ,0,5/8/2019 17:20,
Taldrik ,2,5/9/2019 4:49,
TheChosen ,12,10/6/2021 22:51,
BuUug1 ,112,2/17/2021 23:22,
ZeroCool1 ,0,5/9/2019 18:30,
B4ckd00r ,11,5/13/2019 14:10,
Harrycz ,6,5/10/2019 12:12,
r00t ,0,6/1/2021 18:29,
Besti ,0,5/11/2019 4:47,
spooklord77 ,1,5/12/2019 1:40,
Veraxed ,0,5/11/2019 15:56,
haha666413 ,0,5/12/2019 14:05,
aerix ,0,5/12/2019 18:44,
Y4ant0 ,0,5/12/2019 22:42,
Snose ,27,5/26/2019 19:47,
AgentUnknown ,2,5/13/2019 22:36,
Caesar ,0,5/13/2019 6:41,
Glyph92 ,0,1/15/2020 7:37,
BobiBG ,17,7/6/2019 17:35,
Taslon ,13,5/13/2019 20:36,
1.12E+11,1,7/27/2021 19:49,
ethan ,4,5/14/2019 11:03,
chanbakjsd ,0,5/14/2019 13:57,
JerryBomb ,1,6/3/2019 4:33,
AnonSilver ,17,6/1/2019 17:11,
Braxlaw ,4,5/18/2020 11:55,
rattus ,0,5/15/2019 22:13,
pida42 ,0,5/16/2019 9:01,
Influx ,0,6/1/2019 3:21,
AdamThePhantump ,0,5/16/2019 21:30,
TheDisplayName ,0,5/17/2019 0:01,
Catchor0 ,11,5/17/2019 3:33,
Tomfahey09 ,0,5/17/2019 23:49,
Jeon ,0,5/18/2019 22:34,
Gambodianistani ,0,5/19/2019 0:45,
HayatoMisuki ,0,5/19/2019 6:54,
QuestoDKK ,0,5/19/2019 10:44,
Eridiath ,22,1/27/2020 14:26,
Xakorik ,58,12/7/2021 12:16,
heidar30 ,8,5/20/2019 1:17,
YgzADK ,76,7/15/2020 12:58,
turnhama ,0,5/19/2019 19:12,
Andy19955 ,0,5/19/2019 20:08,
Dolphin2 ,1,5/20/2019 5:38,
Squad3 ,99,5/13/2020 17:39,
Tarraga ,0,5/20/2019 11:55,
Ghostcode ,1,5/27/2020 18:27,
Ailric ,0,5/20/2019 18:02,
draak01 ,0,5/20/2019 19:18,
Jimbrah ,0,5/20/2019 19:32,
Xyrtranna ,56,6/1/2019 16:08,
garett322 ,0,8/10/2020 9:30,
w8861515 ,0,5/22/2019 6:07,
Andrinho ,8,5/22/2019 23:44,
zilligatyx ,3,2/1/2021 11:01,
Scratch ,200,Today 08:01:01,
NathanHarris ,70,Today 08:01:01,63.227.1.66
BenjaminCyrus ,140,Today 08:01:01,
JeffreyCharles ,125,Today 08:01:01,
TobiasHankel ,90,Today 08:01:01,
DrStanleyHoward ,55,Today 08:01:01,53.211.81.175
LindaReimann ,40,Today 08:01:01,
RogerRoycewood ,150,Today 08:01:01,
FrankBreitkopf ,85,Today 08:01:01,
BillyFlynn ,100,Today 08:01:01,
AdamRain ,165,Today 08:01:01,
FloydFeylinnFerell ,140,Today 08:01:01,
LucasTurner ,190,Today 08:01:01,
TheReaper ,115,Today 08:01:01,
RobertReimann ,175,Today 08:01:01,
Elevating ,0,5/24/2019 3:53,
xxxJayce ,0,5/26/2019 15:29,
Tallanahk ,83,12/31/2019 4:23,
IEatAcid ,5,5/24/2019 16:03,
Zer0 ,57,4/3/2020 16:11,
Suraisaa ,0,5/24/2019 19:29,
DarkChime ,0,5/24/2019 21:24,
InkWitch ,0,5/25/2019 2:59,
Xieshining ,4,5/25/2019 8:20,
Wolf ,0,5/25/2019 23:07,
Crazyjin ,0,5/26/2019 0:22,
oddjob ,0,5/26/2019 21:58,
Nuc ,0,5/27/2019 7:39,
Saint1425 ,11,6/21/2021 8:44,
bit1 ,2,5/27/2019 19:12,
Hadin ,0,5/28/2019 21:56,
daemon93 ,0,5/29/2019 12:35,
ApesNotMonkeyz ,0,5/29/2019 13:04,
Bug9519 ,11,6/15/2021 3:00,
ohynek ,0,5/30/2019 12:23,
deadimmortal ,8,2/10/2020 3:02,
macro21KGB ,0,5/31/2019 12:12,
RWBY ,12,6/1/2019 2:49,
Escanor ,1,5/31/2019 14:48,
Khroven ,2,5/31/2019 23:37,
aaa ,7,5/23/2021 19:32,
Artemis ,7,6/3/2019 21:44,
pent4x ,37,6/10/2019 16:15,
a9527 ,0,6/14/2019 15:46,
Hidden671 ,0,6/2/2019 10:37,
Hackball ,67,1/29/2021 15:52,
qclemrd ,0,2/3/2020 19:36,
Citizen ,0,6/2/2019 18:22,
CaptainSauce ,0,6/2/2019 23:59,
DrJuicyFruit ,2,8/16/2019 3:44,
suvz2971 ,0,3/10/2022 3:16,
Galbora ,21,10/7/2021 11:22,
Shuetox ,0,6/3/2019 16:18,
shadowronin ,5,6/3/2019 22:59,
persephone ,62,8/11/2019 23:44,
Alias6991 ,0,6/4/2019 4:21,
Pohky ,1,6/4/2019 14:46,
Soiree ,7,6/19/2020 14:09,
Boil ,0,6/4/2019 14:44,
unrealeaz ,0,6/5/2019 15:59,
creativeg ,0,6/5/2019 23:56,
zadjalinetx ,1,6/6/2019 4:11,
Popp2 ,0,6/6/2019 19:55,
Deathmask ,0,6/6/2019 21:20,
AlabasterWew ,0,6/6/2019 23:55,
NBLD ,0,2/7/2020 12:41,
goodegg123 ,0,6/7/2020 3:50,
MrLoganS ,2,6/7/2019 5:08,
erlox ,0,6/7/2019 15:43,
popgoesme700 ,46,8/14/2019 23:52,
Kynagello ,0,6/8/2019 0:10,
Astaroth ,2,6/8/2019 15:09,
Coldsui123 ,0,6/8/2019 17:04,
GH0ST1 ,13,6/10/2019 4:02,
CrappyPie ,4,6/11/2020 13:13,
azerty ,0,6/10/2019 3:12,
LockPick ,0,6/10/2019 19:36,
bananenkeks ,0,6/10/2019 20:02,
Bl4ckB0y ,22,6/13/2019 12:03,
MeisterW ,34,8/10/2019 5:04,
rmalex ,0,6/11/2019 9:49,
Armitage2k ,6,6/15/2019 22:59,
Bubbles ,24,5/9/2020 19:19,
nigerian ,0,6/12/2019 13:38,
amethyst ,12,7/4/2020 11:35,
lishalzal ,0,6/13/2019 2:03,
almanhal ,18,2/21/2021 19:58,
Sh0rrty ,2,6/13/2019 14:58,
exzo ,3,6/13/2019 16:26,
karpejev ,3,8/23/2020 11:55,
Bananowy ,0,6/14/2019 11:15,
Vusal ,0,6/14/2019 16:03,
Kasit0 ,1,6/15/2019 12:30,
Puckgroth ,11,8/26/2020 4:10,
MonTTi ,0,6/15/2019 18:54,
UltimateHack ,0,6/16/2019 2:36,
UnhappyYak ,0,6/16/2019 6:17,
Hightower ,89,7/16/2019 0:31,
0xyg3n ,117,5/14/2020 18:10,
bropshycho ,0,6/16/2019 21:08,
Rich ,0,6/17/2019 7:07,
frossty ,0,6/17/2019 8:20,
Yeeee ,0,6/17/2019 8:42,
NoName14 ,0,6/17/2019 11:22,
lkaiser ,8,6/17/2019 10:02,
Nicoolsen ,0,6/17/2019 8:57,
ddworakaw ,0,6/17/2019 8:53,
zer01ne ,0,6/17/2019 9:11,
BlackNibba ,0,6/17/2019 9:14,
PiaTtick ,0,6/17/2019 9:34,
amarbrkic ,0,6/17/2019 9:54,
krMM ,0,6/17/2019 17:36,
kac3pro ,0,6/17/2019 14:56,
ViRuS047 ,0,6/17/2019 15:48,
Strikeos ,0,6/17/2019 17:11,
IluvPIZZA ,0,6/17/2019 17:04,
dar4kk ,0,6/17/2019 17:14,
Dreni ,0,6/17/2019 17:13,
princeali ,0,6/17/2019 17:43,
Nojus ,0,6/17/2019 19:14,
Blewko ,0,6/17/2019 17:59,
Vados ,3,6/17/2019 18:37,
Sleepers ,0,6/17/2019 18:18,
Larmicon ,2,6/17/2019 20:09,
Heteken ,0,6/17/2019 22:32,
Manome ,0,6/17/2019 23:29,
demigod ,2,6/18/2019 1:54,
Mrdogejr ,0,6/18/2019 2:01,
Teddybear ,0,6/18/2019 3:01,
Doveid ,0,6/18/2019 4:06,
Majesty ,0,6/18/2019 7:04,
d3mage ,9,2/22/2020 14:22,
Kubana ,19,6/19/2019 15:08,
KoreanArchie ,0,6/18/2019 10:14,
Vojtus ,0,6/20/2019 21:51,
spamschlucker ,0,6/18/2019 20:48,
Max254 ,0,9/28/2019 13:54,
Sajku ,0,6/18/2019 13:38,
MasterDinkus ,0,6/18/2019 14:08,
Samurai77 ,2,6/19/2019 20:34,
Furnicarul ,0,6/18/2019 14:38,
DJBOCIANO ,0,6/18/2019 14:45,
Darkohdzn ,0,6/18/2019 20:43,
BNTV ,0,6/18/2019 15:05,
EllieChan ,0,6/18/2019 15:31,
Tom345 ,2,6/18/2019 21:42,
Julpoo ,0,6/18/2019 17:22,
Josh31 ,0,6/18/2019 19:06,
FiLiP798 ,0,6/19/2019 8:15,
t0x1c ,0,6/18/2019 20:28,
k3rbi ,0,6/20/2019 12:22,
Albedo ,0,6/18/2019 21:41,
Spexhu ,0,6/19/2019 8:26,
GlutPaprykarz ,0,6/18/2019 22:27,
FierceClaws ,0,6/18/2019 22:51,
Perquis ,0,6/18/2019 23:22,
Allen24 ,0,6/18/2019 23:34,
Fabiotu ,0,6/18/2019 23:55,
Jason ,0,6/19/2019 0:20,
KA1N ,0,6/19/2019 1:36,
KleineSmoczek ,0,6/19/2019 4:45,
Themastermind ,0,6/19/2019 6:06,
Zvonko ,0,6/19/2019 8:37,
cruse ,0,6/21/2019 7:15,
Justice ,0,6/19/2019 9:42,
Chernnnika ,0,6/19/2019 22:41,
LittleNinjaBoy ,0,6/19/2019 11:56,
Spongy ,0,6/19/2019 12:15,
iluminolaczek ,0,6/21/2019 18:13,
Wougamer ,0,6/19/2019 13:16,
ImNotaHacker ,0,6/19/2019 14:21,
Danny ,0,6/19/2019 14:42,
Vesko128 ,0,2/15/2021 20:29,
Ajvyt ,0,6/19/2019 15:24,
MrJuraX ,0,6/19/2019 16:20,
Stormy ,0,6/19/2019 16:31,
Quido ,0,6/19/2019 16:44,
ZiGGER ,0,6/19/2019 16:35,
Octopuss ,0,6/19/2019 18:11,
ENA ,0,6/19/2019 18:13,
dissendium ,0,6/19/2019 19:33,
MHO2 ,2,6/19/2019 19:29,
H4M1D ,0,6/19/2019 19:36,
H4MiD ,0,6/19/2019 19:43,
robroblore ,0,6/19/2019 20:59,
LoreWare ,0,6/19/2019 21:15,
Chillaxe ,0,6/19/2019 21:18,
Jonty0509 ,1,6/20/2019 17:14,
Alexej ,2,6/19/2019 23:58,
Pewdiepie ,0,6/19/2019 22:52,
DeymyaN ,0,6/19/2019 23:47,
alexxx ,0,6/20/2019 9:13,
Dhdhdhdhhddh ,0,6/20/2019 1:03,
jookoo4 ,0,6/20/2019 1:47,
Savarinosul2001 ,2,6/20/2019 3:04,
Haker ,0,6/20/2019 2:14,
Roy ,0,6/20/2019 6:08,
BluesBreaker ,0,6/20/2019 10:19,
Fr1day ,0,6/21/2019 0:26,
joskosismis ,0,6/20/2019 9:20,
Endrits ,0,6/20/2019 9:28,
ChickenMeister ,0,6/20/2019 9:41,
CRUELONE ,0,6/20/2019 9:39,
Dark157 ,0,6/20/2019 9:42,
mrskidood ,0,6/20/2019 9:47,
Moca ,0,6/20/2019 9:49,
OofJustOof ,0,6/20/2019 10:04,
mijantoSVK ,0,6/20/2019 10:41,
Penguinazor ,8,6/21/2019 0:08,
Matthew ,0,6/20/2019 11:57,
Wafelko ,0,6/20/2019 11:35,
MasterKing ,0,6/20/2019 11:41,
Rahol ,0,6/20/2019 19:46,
Axtron ,0,6/20/2019 11:52,
Ony ,0,6/20/2019 12:01,
Sarki ,0,6/20/2019 12:10,
Onisim ,2,6/22/2019 16:07,
kpNX ,0,6/20/2019 12:58,
BreadlineIon ,0,6/20/2019 12:58,
Andrew1 ,0,6/20/2019 14:33,
Lovac ,0,6/20/2019 15:08,
Arkwnd ,0,6/20/2019 15:17,
Mask ,0,6/20/2019 15:56,
SozUDie ,0,6/20/2019 16:08,
Vindow ,0,6/20/2019 16:15,
zsot ,0,6/20/2019 16:23,
Darius ,0,4/29/2020 13:35,
Pacman ,0,6/20/2019 18:49,
Anonymous1 ,0,6/20/2019 18:18,
avvtta ,0,6/20/2019 18:33,
Kannedaa ,0,6/20/2019 18:59,
Vulpis ,0,6/20/2019 19:18,
Gunal ,0,6/20/2019 19:10,
stefanaryes ,0,6/20/2019 20:24,
Ghostakari ,0,8/19/2019 20:28,
nina ,0,6/20/2019 22:36,
fufexan ,0,6/21/2019 13:18,
defaltCM ,0,7/17/2019 13:43,
FetterJoy ,0,6/21/2019 6:14,
Kagune ,2,6/21/2019 16:29,
ziemka ,0,6/21/2019 0:16,
CHIMERAX ,0,6/21/2019 0:38,
TheGhost26 ,0,6/21/2019 6:14,
tastieraqwertt ,0,6/21/2019 6:15,
Inaros ,8,6/21/2019 5:05,
Anymi36 ,0,2/23/2021 13:38,
El1oNx ,0,6/21/2019 7:37,
Dariusman1 ,0,6/21/2019 8:36,
Kraveninja02 ,0,6/21/2019 8:54,
3Dmarko ,10,6/22/2019 9:58,
KingOTG ,0,6/21/2019 10:52,
Zigio ,0,6/21/2019 10:55,
Gguy ,0,6/21/2019 13:09,
peete ,0,6/21/2019 12:07,
rubog ,0,6/21/2019 17:06,
annboleyn ,2,6/21/2019 17:24,
Berlec ,0,6/21/2019 19:25,
Hawky ,80,9/13/2019 12:20,
DavidGe ,0,6/22/2019 10:56,
Mario1234cn ,2,6/22/2019 11:19,
mnielu ,9,6/22/2019 20:33,
ghostmary ,0,6/22/2019 13:14,
adamhull ,0,6/22/2019 13:24,
Glync ,0,6/23/2019 19:33,
Stingray ,2,6/24/2019 10:02,
sercancelik ,2,7/21/2021 15:28,
Emporium ,19,6/25/2020 20:15,
witefire180 ,122,11/15/2019 19:33,
XxStreAmeRbgXx ,0,6/24/2019 14:22,
Smile ,2,6/24/2019 17:39,
taxiGlync ,0,6/26/2019 11:59,
steveshire ,0,2/29/2020 16:05,
hikki77 ,0,6/25/2019 1:00,
SShadowHacker ,0,6/26/2019 11:59,
trollbreeder ,0,6/26/2019 11:59,
rooted ,0,6/26/2019 11:59,
mPuls ,0,6/26/2019 14:01,
Rojo ,0,6/28/2019 16:24,
MarchFishi ,171,3/9/2022 2:14,
Erickmax ,0,6/29/2019 10:52,
Natorius ,13,6/29/2019 19:17,
Caphaldor ,0,6/29/2019 18:44,
CaptainRadio ,0,3/1/2020 13:39,
bbzGlync ,0,7/3/2019 17:45,
Mulligascos ,0,6/30/2019 11:09,
Karl ,0,7/3/2019 17:45,
KarlDK ,0,7/1/2019 3:55,
TheDon ,0,7/27/2020 20:34,
Nemo157 ,4,7/1/2019 18:48,
leberkralle ,0,6/6/2021 16:37,
Edo871 ,48,9/17/2021 17:22,
AxelPereira ,0,3/3/2020 1:03,
salt ,11,7/2/2019 22:16,
Hitmanwesty ,0,7/3/2019 19:04,
Congie ,0,7/2/2019 2:10,
Killerwofl387 ,0,3/3/2020 3:46,
Legacyy ,49,8/3/2019 22:34,
noob ,0,7/3/2019 1:27,
LuffyCooper ,19,7/9/2019 5:16,
abx ,0,7/10/2019 20:19,
iiCarelessness ,9,12/18/2021 15:43,
Rowin1 ,0,7/3/2019 19:49,
testtest123456 ,0,7/4/2019 6:50,
FlipGame ,0,7/3/2019 23:59,
Graphty ,5,7/28/2019 23:21,
ZerbitNow001 ,0,7/5/2019 19:08,
nousername757 ,0,7/4/2019 6:18,
misterpmister8 ,24,7/6/2019 10:08,
Fenriswolf ,0,9/27/2020 22:25,
Ekofy ,0,7/4/2019 23:05,
cooldownsystem4 ,42,7/21/2019 11:17,
XxBlacKHaTxX ,0,7/5/2019 0:24,
sharkyboi ,0,7/6/2019 10:34,
sharkyboisdaf ,0,7/6/2019 12:02,
rhenwinch ,0,7/6/2019 16:13,
Arxnine ,32,7/24/2019 22:44,
KostaMNE ,2,7/6/2019 20:50,
nichogx ,0,7/6/2019 23:50,
Hacker9090 ,0,7/9/2021 20:36,
Shiroawaide ,2,7/7/2019 2:00,
ERR0R ,0,7/7/2019 11:37,
Trusiter ,0,7/7/2019 12:23,
Loth1 ,59,2/28/2021 2:52,
Sativaa3 ,0,7/7/2019 15:22,
spiteh ,0,7/8/2019 6:26,
Ufo ,4,7/10/2019 1:15,
Hacker1212 ,0,7/8/2019 0:12,
expl0it ,2,7/25/2019 17:10,
pdan250 ,0,7/9/2019 12:47,
GuNfRe4k ,0,7/9/2019 19:18,
calmstorm ,29,1/5/2020 18:39,
An4rk11 ,6,7/9/2020 14:13,
Icedflamez ,11,9/3/2021 11:51,
moduspwnens ,2,7/9/2019 13:48,
jakub1838 ,2,7/9/2019 14:19,
samuraixxx ,4,7/10/2019 15:50,
RaposaCarmesin ,0,7/9/2019 16:54,
kyodan ,0,7/10/2019 0:09,
MisterPC ,0,7/10/2019 13:36,
Matthias ,6,7/10/2019 21:19,
shrimps ,0,7/10/2019 20:05,
Uplinker ,37,7/14/2019 18:29,
Skomer1234 ,0,7/10/2019 22:57,
Barzul ,0,7/12/2019 17:24,
david ,1,7/13/2019 5:14,
Fireblitz ,3,9/17/2020 14:32,
Batman1 ,2,7/13/2019 21:46,
Neura ,0,7/12/2019 17:33,
Arunmor ,41,7/20/2019 18:52,
Andromeda ,58,11/11/2019 23:18,
RoseBud ,24,4/28/2020 14:24,
CyberPunk ,0,7/14/2019 15:32,
cosinus ,12,7/13/2019 14:37,
N0t ,11,7/13/2019 14:36,
M4ul ,9,7/14/2019 1:01,
HomelessSwede ,0,7/13/2019 22:44,
richard2130 ,2,7/14/2019 1:49,
Gunslinger3033 ,3,7/21/2019 7:39,
noah2040 ,12,7/25/2019 17:40,
kgb221 ,7,7/15/2019 5:11,
WiredShark ,0,7/16/2019 9:51,
sven ,0,7/15/2019 20:16,
Quadrexium ,0,7/16/2019 4:44,
turret ,11,7/18/2019 17:25,
aflavius ,0,7/16/2019 9:52,
dandreic02 ,0,7/16/2019 8:54,
Devilace ,2,7/17/2020 11:45,
Karo ,0,7/16/2019 9:32,
oviukz ,0,7/16/2019 9:51,
darkrider57 ,0,7/18/2019 10:45,
Boki ,0,7/16/2019 10:26,
patkosxd ,0,7/16/2019 10:53,
Gizeu ,0,7/16/2019 13:10,
Harlekin ,2,7/16/2019 11:33,
MrTim ,0,7/16/2019 13:13,
Onixer12 ,2,7/16/2019 12:41,
Yasau ,0,7/16/2019 12:51,
kirlikas ,62,8/8/2019 14:56,
MitkaZz1 ,24,7/25/2019 6:48,
ch0ne ,0,7/17/2020 9:37,
yameeeteee ,0,7/16/2019 13:13,
Jamal ,12,7/16/2019 18:31,
Lekstar02 ,0,7/16/2019 13:35,
DatzzF ,0,7/16/2019 14:01,
HyperCoder ,0,7/16/2019 16:21,
adamsimon ,0,7/16/2019 14:26,
Ping0901 ,19,8/8/2019 3:10,
K5t91AmP6 ,0,7/16/2019 17:00,
FilipDelije ,0,7/16/2019 17:06,
Goldenshotgun ,2,7/16/2019 18:01,
Elhackeao ,0,7/16/2019 17:31,
Owczar18 ,0,7/16/2019 18:20,
Neferit ,0,7/16/2019 19:42,
deandowling ,0,7/16/2019 17:38,
Schmidt ,4,7/16/2019 19:09,
bebbba ,0,7/16/2019 19:28,
Rei2020 ,0,7/16/2019 20:11,
lfkelly2005 ,0,3/17/2020 3:05,
Hdac2k ,0,7/16/2019 23:14,
Dariusinator ,0,7/16/2019 21:34,
Jalegenda ,0,10/28/2019 16:31,
Eskeropoulos ,0,7/16/2019 22:14,
Gustas2K ,0,7/16/2019 22:37,
DigihAck ,0,7/16/2019 22:39,
Rengar ,0,7/16/2019 23:00,
Moqqops ,0,7/16/2019 23:05,
Ghost ,0,7/31/2020 14:32,
dz19 ,3,7/17/2019 0:48,
szatyi012 ,0,7/16/2019 23:46,
Flarix ,0,7/17/2019 0:56,
Saintspoopy ,0,7/17/2019 1:20,
SimonSays ,2,8/1/2021 4:51,
Fastfistok ,0,7/17/2019 20:20,
Cyruff ,0,7/17/2019 1:48,
ervinhoxhaj ,0,7/17/2019 2:25,
Primo ,0,7/17/2019 3:23,
Dxtar ,0,7/17/2019 10:54,
kasaroff ,0,7/17/2019 3:36,
Devdog ,2,7/18/2019 3:29,
MDoktor ,0,7/17/2019 6:48,
shacomain ,0,7/17/2019 21:36,
NabilotexD ,18,7/24/2020 13:04,
Xyi ,0,7/17/2019 8:37,
Eto ,0,7/24/2019 15:49,
ladymoose ,3,7/17/2019 9:45,
OptiG ,0,7/17/2019 9:17,
Randomtt22 ,0,7/17/2019 9:20,
Koleric69 ,0,7/17/2019 9:30,
N0m3 ,2,7/20/2019 11:52,
BrunoMajka ,0,7/17/2019 9:53,
Trapiz ,0,7/17/2019 11:27,
OBL1V10N ,0,7/17/2019 10:03,
AoDarkness ,2,7/20/2019 23:47,
AlexKazama ,0,7/17/2019 10:58,
BodilessSleeper ,2,7/21/2019 1:43,
Eng ,4,9/27/2019 19:44,
C9Gun ,0,7/17/2019 12:27,
Michael ,0,7/17/2019 18:28,
Deb1lek ,0,7/17/2019 13:10,
Chrysanthos ,0,7/18/2019 10:08,
noks ,0,7/17/2019 13:57,
Em4lif33 ,0,7/18/2019 10:09,
pube5 ,0,7/17/2019 14:26,
Chlenusz ,2,7/17/2019 17:33,
Xyxz ,0,7/30/2019 20:20,
Bawtek88 ,0,3/19/2020 8:01,
strintzaki ,0,7/17/2019 16:45,
Shayne ,0,7/17/2019 16:56,
4LEX ,0,12/15/2019 15:39,
NeonFighter28 ,2,7/17/2019 18:35,
mashinegunn ,0,7/17/2019 18:40,
JoshAnMeisce ,0,7/17/2019 18:58,
JesseLeppens ,0,7/17/2019 19:21,
Zero ,0,1/28/2021 12:04,
Dilomor ,0,7/18/2019 11:05,
kristiholov ,0,7/18/2019 9:58,
lekopichsam ,3,7/19/2019 15:56,
Koroudo ,31,3/4/2021 22:58,
Alexnagy ,0,7/18/2019 0:05,
numerx ,0,7/18/2019 0:09,
Sasincombat ,0,7/18/2019 0:18,
Kidididi724 ,0,7/18/2019 0:35,
besnik ,0,7/18/2019 1:42,
PM1488 ,14,7/18/2019 17:22,
ReKsuQ ,0,7/18/2019 4:01,
m4daig0ch ,2,7/19/2019 20:30,
tinu12345 ,0,7/18/2019 5:33,
Nightweed ,43,8/12/2020 23:58,
vuxnq ,0,8/14/2019 11:28,
j4ck070 ,0,7/18/2019 10:45,
xXwindrangerXx ,0,7/18/2019 9:03,
DeByalo ,0,7/18/2019 9:08,
Luke1507 ,0,7/18/2019 9:17,
Xaro ,0,7/18/2019 9:11,
danalves24 ,0,7/18/2019 10:43,
DBlaNQ ,2,7/18/2019 10:07,
Tassilo ,0,7/18/2019 9:48,
Hades1 ,0,7/18/2019 9:39,
Candpat121 ,11,7/24/2020 22:26,
Tr1X ,0,7/18/2019 10:03,
BoskoT1312 ,0,7/18/2019 10:05,
Sanden ,0,7/18/2019 10:16,
SsSsPy ,0,7/18/2019 10:18,
Nihil000 ,0,7/18/2019 10:37,
Embercry ,2,7/18/2019 11:15,
BoggyB ,2,7/18/2019 11:25,
Gosho ,0,7/18/2019 11:14,
Skipzey ,0,7/18/2019 12:01,
spacepuppet565 ,14,10/3/2019 10:53,
Hacker69 ,0,7/18/2019 12:47,
MateX ,0,7/18/2019 12:58,
ribeiro26 ,0,7/18/2019 13:12,
Killua ,0,7/18/2019 13:59,
SRSneaky ,0,7/18/2019 21:43,
BuDonjA ,0,7/18/2019 14:22,
nuxaa ,0,7/18/2019 17:07,
Poppy ,13,7/18/2019 20:27,
Manelmezo ,2,7/18/2019 17:46,
WizzyK ,2,7/18/2019 18:21,
Vemu ,0,3/11/2020 16:40,
waddupbois ,0,7/18/2019 17:49,
Zamfir ,18,8/5/2021 9:24,
Sners03 ,0,7/20/2019 16:56,
TechDC ,13,7/19/2020 17:28,
Nemanja ,0,7/18/2019 20:02,
hatsuneeeh ,0,7/18/2019 20:05,
FatCat10 ,0,7/18/2019 20:14,
Koliotero ,0,7/18/2019 20:46,
sigmarrks ,0,7/18/2019 21:11,
wilku ,3,7/18/2019 21:54,
lec1312 ,0,7/18/2019 21:49,
Lopi8 ,0,7/18/2019 21:57,
Zoky ,0,7/18/2019 22:21,
noqqyg ,0,7/18/2019 22:57,
prea ,0,7/18/2019 22:53,
BokiKralj003 ,0,7/18/2019 23:46,
walkingMeme ,0,7/19/2019 0:03,
Denis042 ,0,7/19/2019 0:17,
Filip ,0,7/19/2019 1:40,
Migalha14 ,0,7/19/2019 1:41,
Ansarowsky ,0,7/19/2019 1:55,
Qwizzi ,3,7/19/2019 7:16,
Easy987 ,0,7/19/2019 23:37,
Painking ,0,7/19/2019 7:17,
Spikey ,0,7/19/2019 8:56,
copZ ,0,7/19/2019 8:59,
Hepetin ,0,3/20/2020 12:04,
QueQool ,0,7/19/2019 9:14,
Fprogrammer ,0,7/19/2019 9:21,
OldShadow ,0,7/19/2019 9:33,
Nidle2K ,0,7/19/2019 10:24,
tyny1234 ,0,7/19/2019 11:19,
MoodyFTW ,0,7/19/2019 11:45,
Co1one1 ,0,7/19/2019 12:14,
Dzoni ,0,7/19/2019 12:16,
dodo4 ,0,7/19/2019 12:30,
Erdbeerpflanze ,0,7/19/2019 12:36,
Hooligan ,0,7/19/2019 13:06,
TheGeekFire ,0,7/19/2019 14:06,
coox ,0,7/19/2019 14:44,
Edita98 ,0,7/19/2019 15:26,
Lendro ,0,7/19/2019 16:02,
Mauzer ,0,7/19/2019 17:02,
Kevizb ,0,7/19/2019 17:13,
Eeverose ,0,7/19/2019 18:14,
VoPasH ,0,7/21/2019 15:19,
Ketrol ,0,7/19/2019 19:42,
Username7 ,8,7/20/2019 20:20,
Adrian ,13,7/20/2019 14:23,
Teobizjak ,0,7/20/2019 9:07,
BlueK1NG ,0,7/20/2019 0:37,
Seanam16 ,6,7/19/2019 23:27,
Fatjon ,0,7/19/2019 22:06,
User9907 ,0,7/19/2019 22:28,
darkness ,0,7/19/2019 23:01,
Br3d ,3,9/1/2019 11:04,
ShrekHorse ,0,7/19/2019 23:33,
badwolf ,0,7/20/2019 0:02,
JustPixel ,2,7/20/2019 0:37,
lettuze ,2,7/20/2019 16:48,
minSer ,0,7/20/2019 1:22,
707707,0,7/20/2019 3:01,
Cecek ,0,7/20/2019 3:51,
Andro ,0,7/20/2019 6:56,
vukm ,0,8/13/2019 6:14,
AlexTheEnd ,0,7/20/2019 8:57,
DamBuse ,0,7/20/2019 9:11,
Shilty ,0,7/22/2019 13:22,
irrmel ,0,7/20/2019 9:32,
cLnx ,0,7/20/2019 9:22,
SkeeZ ,0,7/23/2019 15:18,
Tommy27 ,0,7/20/2019 9:46,
Insecose ,0,7/20/2019 11:29,
ExtraMan ,0,3/23/2020 16:59,
hagymasibence ,0,7/20/2019 12:33,
TenTecon ,17,7/21/2019 20:05,
Wzen ,0,7/20/2019 13:05,
N3xtrack ,0,7/20/2019 14:26,
karcsi1425 ,0,7/20/2019 15:51,
Oddbox99 ,0,7/20/2019 18:37,
EstevesAndre ,0,7/21/2019 3:43,
Marok ,0,7/21/2019 12:46,
zxc775510 ,0,3/23/2020 13:23,
Rzebe ,0,7/20/2019 22:05,
BugsBunny ,0,7/20/2019 22:12,
ItsZach ,0,7/20/2019 23:33,
Bj0rn ,2,7/22/2019 1:49,
PTE ,0,7/21/2019 0:08,
Xiexia ,0,7/21/2019 9:57,
IMansur ,3,7/21/2019 3:12,
rovertdude ,0,7/21/2019 3:42,
Clankcoll ,0,7/21/2019 4:02,
Iskrata ,0,7/21/2019 11:30,
PsychoTank ,8,5/3/2020 19:28,
dasgringo ,0,7/21/2019 21:32,
xvp33801 ,0,7/21/2019 17:45,
Geral ,0,7/21/2019 18:11,
BloodsWork ,0,7/21/2019 21:41,
HakeemShaik ,11,9/23/2019 9:40,
Chraebsli04 ,8,2/24/2022 10:11,
PARA60N ,0,7/23/2019 0:52,
4umaka ,0,7/23/2019 3:39,
kamil7715 ,0,7/23/2019 18:59,
dev20 ,0,7/24/2019 0:58,
koeljong ,0,7/24/2019 11:47,
Saruman24 ,92,2/4/2021 20:22,
Ilaq ,2,7/26/2019 10:42,
Xelphonential ,4,7/26/2019 20:12,
Vixx ,2,7/27/2019 13:27,
TARMIKO ,0,7/27/2019 19:49,
rushofair ,6,7/28/2019 17:15,
HackerHakeem ,2,7/28/2019 20:04,
Sadd0 ,2,7/29/2019 15:29,
olinad ,21,8/2/2021 3:51,
Salem ,0,7/29/2019 3:54,
SHADOWM ,17,7/30/2019 5:32,
ReyRose ,1,7/29/2019 20:43,
JPVC ,3,7/31/2019 22:16,
adamdejames ,0,7/30/2019 8:26,
Sawdust2957 ,13,8/4/2019 6:58,
Mufaza ,2,7/31/2019 18:15,
blaxk22 ,0,8/1/2019 21:11,
Antagonist ,19,8/18/2019 17:21,
wrothmonk ,0,4/4/2020 16:54,
Wolfborg ,81,9/17/2021 7:55,
Corvidae ,53,4/12/2020 20:26,
Luna1 ,0,8/3/2019 17:46,
remm ,0,8/3/2019 20:58,
DPR ,0,8/1/2020 17:03,
0x01101000 ,53,8/16/2019 21:19,
lilsiuol100 ,11,8/9/2020 1:52,
smxsbcqg ,0,8/4/2019 23:04,
tuto ,0,8/4/2019 23:23,
WhoLikePotatoes ,0,8/5/2019 1:40,
Ralkey ,0,8/5/2019 14:51,
pandemicofnukes ,0,8/5/2019 19:53,
MrPyrus ,0,8/5/2019 19:55,
minh43pinball ,0,8/6/2019 13:58,
Xeres ,36,8/31/2019 16:08,
Helpmegethacked ,2,8/6/2019 23:49,
jairoguo ,0,8/25/2020 8:33,
bobert ,0,8/7/2019 23:43,
horus9426 ,5,8/9/2019 3:17,
geek107 ,18,9/14/2021 3:35,
Diogo ,2,8/8/2019 14:30,
Groggy ,0,8/8/2019 15:26,
Stonks ,0,8/8/2019 20:39,
codeliquid ,0,8/8/2019 22:04,
Actave ,7,8/9/2019 19:22,
CipheredData ,118,4/25/2021 15:53,
lolamanda10 ,11,8/11/2019 8:22,
robin ,0,8/13/2019 9:27,
Decode ,0,8/11/2019 0:47,
Dikko ,9,8/12/2019 11:22,
Antonia ,0,8/11/2019 12:36,
xSoliDeN ,2,8/11/2019 21:09,
Hacker ,0,8/11/2019 21:03,
666Svegh ,11,8/16/2019 23:36,
mrmojorisin ,0,8/12/2019 0:51,
GetDivaTech ,0,8/12/2019 3:01,
lebron ,0,8/12/2019 4:18,
MrRobot ,0,8/12/2019 4:16,
Revitaliser ,0,8/12/2019 4:59,
Lemonturtle14 ,0,8/12/2019 6:16,
Jon90876 ,0,8/12/2019 6:33,
StasCo ,0,8/12/2019 7:12,
Thecrazyone ,0,8/12/2019 8:40,
Tellezeus ,2,8/12/2019 10:15,
IIGXILIAS ,0,8/12/2019 9:21,
SkipLost ,68,10/17/2019 10:54,
Hatred ,47,8/16/2019 18:15,
geotsak ,0,8/12/2019 15:35,
Randompersoon ,0,8/12/2019 18:19,
Random ,0,8/19/2020 13:07,
JoJoJo ,0,8/12/2019 19:52,
RubatexTatan ,6,10/24/2019 5:37,
khajiit ,0,8/12/2019 21:47,
Apitoetoe ,0,8/12/2019 22:42,
Rostin ,0,8/12/2019 23:04,
scorpionl ,0,8/12/2019 23:52,
Kici33 ,0,8/13/2019 0:15,
Pr0One ,0,4/13/2020 12:11,
Scoop801 ,0,8/13/2019 7:13,
1tsNya ,0,8/13/2019 9:07,
Johnnaros ,0,8/13/2019 10:13,
Creatorofsv ,0,8/13/2019 9:25,
MilanGamed ,4,8/14/2020 11:12,
Valdblade ,0,8/13/2019 9:47,
Yoko04 ,0,8/13/2019 10:16,
Kostas ,0,8/13/2019 11:12,
Nosmaloco ,0,8/13/2019 13:21,
Zalx ,0,8/13/2019 17:56,
Alex ,0,8/13/2019 18:23,
GabberPiet011 ,0,8/13/2019 18:31,
BlissThot ,0,8/13/2019 19:18,
Luutuan2503 ,0,8/13/2019 23:00,
MeeMChan ,0,8/14/2019 0:28,
TheGiraffe ,0,8/14/2019 0:49,
Kyrin ,0,8/14/2019 2:19,
Toxic ,0,4/15/2020 8:33,
CatInvicta ,0,8/14/2019 5:31,
WrittenChaos ,0,8/14/2019 5:35,
Bot726 ,0,8/14/2019 6:27,
ITs ,0,8/14/2019 7:00,
Opcsean ,7,8/15/2019 19:52,
Alex0101 ,0,8/14/2019 9:43,
Bot5267 ,0,8/14/2019 9:43,
H4cker ,0,8/14/2019 12:07,
Danita2002 ,0,8/14/2019 12:19,
BlackHatHacker ,0,8/14/2019 12:34,
PeteyHaxker ,0,8/14/2019 13:12,
teokots67885 ,0,8/14/2019 14:08,
Thunder ,0,8/14/2019 15:44,
NBEAR ,0,8/14/2019 16:46,
Thebossybob ,0,8/14/2019 17:39,
GameBoyAngel ,0,8/15/2019 2:31,
Alec062 ,0,8/14/2019 19:22,
TiesTheShibe ,0,8/14/2019 20:00,
mrbardoman ,12,8/15/2019 22:53,
JackNotJames ,0,8/15/2019 5:48,
Rovynnion ,2,8/18/2019 11:04,
kXn9674 ,8,9/23/2021 22:34,
Mystic ,0,8/15/2019 9:21,
Syntaxerror ,0,8/15/2019 9:31,
exo ,0,8/15/2019 9:38,
Lucifer1 ,2,8/15/2019 15:37,
Hogo1510 ,12,8/16/2019 9:39,
Kosmas121 ,0,8/15/2019 15:52,
WeedCookiezzz ,2,8/15/2019 17:59,
Jvdmey ,3,12/4/2020 18:43,
MisterT ,0,4/20/2020 13:55,
Fear1 ,0,8/15/2019 21:05,
FEARRR ,0,8/15/2019 21:11,
Toxcimity ,0,8/15/2019 23:57,
Ximmy ,9,8/18/2019 19:03,
Yazzie ,0,8/16/2019 2:22,
Princessaja ,0,8/16/2019 3:54,
TrooperS ,11,8/17/2019 5:01,
Kbeau231 ,0,8/16/2019 5:06,
Alex938130 ,0,8/16/2019 5:49,
Muzika ,0,8/16/2019 7:15,
Thefluffyking ,0,8/16/2019 9:00,
lilyahweh ,19,8/18/2019 6:31,
giga ,53,9/25/2019 15:59,
Kazear ,0,8/16/2019 10:42,
Michalis03 ,0,8/16/2019 12:33,
MasterG ,0,8/16/2019 12:50,
Xenon ,0,8/16/2019 13:56,
JazzaJarom ,0,4/20/2020 5:33,
Vvamp ,0,8/16/2019 15:17,
Vinnie18 ,0,8/16/2019 17:19,
crazytom442 ,0,8/16/2019 18:18,
SleepDeprivedtm ,2,8/16/2019 18:28,
Gats46 ,0,8/16/2019 18:00,
Azaeil ,0,8/16/2019 20:08,
r3tr0D ,0,8/16/2019 20:21,
s1mple ,0,8/16/2019 20:27,
Rootwing ,0,8/16/2019 21:41,
ScarletRuby ,1,8/17/2019 4:54,
FlamingVictory ,0,8/17/2019 0:37,
SadCosmonaut ,7,8/22/2019 22:58,
StephCurryI ,0,8/17/2019 3:46,
H8hortex ,0,8/17/2019 6:13,
dawson ,4,8/17/2019 9:00,
TH3_R4V3N ,48,9/20/2019 19:44,
TheB4t ,28,8/20/2019 7:32,
Daighboy ,0,8/17/2019 23:08,
JoshuaIsGreat ,4,8/18/2019 23:33,
2Kepper ,0,8/18/2019 15:50,
AstroGalacticKP ,16,5/14/2020 20:11,
Exotic ,27,12/11/2020 15:48,
HiDrexY ,2,8/19/2019 14:50,
b8432246 ,0,8/20/2019 1:21,
Mef45 ,9,4/22/2020 10:26,
AnubisGrim ,13,2/28/2021 4:24,
aug ,21,9/2/2019 17:34,
Acap2020 ,2,8/22/2019 2:57,
Yoshimtu ,0,8/22/2019 12:21,
IonNoSec ,0,8/22/2019 17:07,
Neurost ,0,8/22/2019 18:33,
Snoreo1 ,8,8/26/2019 2:07,
BumbleF ,0,8/25/2019 15:01,
PhoenixFlare ,1,8/25/2019 20:36,
elmerzglue ,0,8/26/2019 21:55,
J4N8 ,0,3/2/2021 20:13,
ZeroCore ,0,8/29/2019 0:37,
uhex ,0,8/31/2019 0:47,
Surek ,0,8/31/2019 4:46,
dal ,22,9/16/2020 16:34,
FerventOrange ,2,9/1/2019 6:55,
farsin ,0,9/1/2019 14:59,
00Core ,82,11/19/2019 20:33,
hedomann ,0,9/2/2019 3:58,
CaptainHunter ,132,11/29/2019 21:35,
veprolet ,0,9/3/2019 0:30,
sebastiane ,3,9/3/2019 14:23,
McDaddySwag ,0,9/3/2019 15:22,
ckorey13 ,11,9/5/2019 21:32,
Alis ,0,9/6/2019 11:55,
Reefermadness ,36,8/29/2020 4:04,
Vlash ,0,9/6/2019 19:55,
LadyElenroa ,0,9/7/2019 22:54,
Brututus ,0,9/8/2019 2:53,
Lodh ,2,9/8/2019 18:46,
584kk ,11,9/12/2019 14:52,
Bob ,0,9/10/2019 0:45,
Variun ,10,9/15/2019 11:06,
HackerandKoch ,18,9/17/2019 0:18,
Fyre ,0,9/15/2019 2:57,
F4N706R1M ,24,4/5/2021 11:32,
H3xL0rd ,52,10/4/2020 9:20,
mozark ,0,9/16/2019 8:30,
Retr0o44 ,2,9/25/2019 22:44,
precsel1 ,0,9/17/2019 3:11,
undefined ,15,11/27/2019 5:27,
AmiKitsune ,2,9/22/2019 0:05,
Chopsticks ,0,9/22/2019 6:36,
Hiruzen ,2,9/24/2019 10:46,
HeMan ,0,9/25/2020 17:55,
Jair ,0,9/25/2019 5:26,
Baron ,2,9/25/2019 18:45,
iShyy ,0,9/26/2019 10:39,
R2D1000 ,56,10/19/2019 0:24,
Sp1r1T ,14,6/12/2020 21:07,
R3tr0 ,0,9/27/2019 10:09,
KraPsY ,0,9/27/2019 10:40,
Ialwayshack ,0,9/27/2019 11:12,
Trenz ,0,9/27/2019 12:08,
Nta ,0,9/27/2019 12:53,
LordVixxeN ,0,9/27/2019 13:31,
Serban ,0,9/27/2019 13:24,
Adam ,0,9/27/2019 13:34,
TheKloras ,0,9/28/2020 18:27,
c0pycat ,0,9/27/2019 15:20,
BigNessuno ,0,9/27/2019 14:44,
CyberWar ,0,9/27/2019 14:40,
Wilkeuu ,0,9/27/2019 14:51,
Lokatoor1 ,0,9/27/2019 15:51,
Budy ,0,9/27/2019 15:56,
endlesshacker ,0,9/27/2019 17:55,
karderot ,0,9/27/2019 17:30,
Kela ,0,9/27/2019 18:11,
Karol2137 ,0,9/27/2019 18:34,
Laurenskis ,0,9/29/2019 14:05,
Sprinter3x ,0,5/29/2020 15:02,
Bagman182 ,0,9/27/2019 19:36,
6073,0,9/27/2019 19:50,
vadimhincu ,0,9/27/2019 21:05,
NoReload ,0,9/28/2019 13:35,
gweapro ,0,9/27/2019 21:03,
Muhaxheri ,0,9/27/2019 21:20,
IEdutz ,0,9/27/2019 21:51,
Sombr4 ,0,9/27/2019 22:09,
SUPER ,0,9/27/2019 22:14,
JoeyAdv ,0,9/27/2019 22:34,
Rentirona ,0,9/27/2019 22:55,
Kostas8205 ,0,9/27/2019 23:30,
Legy ,10,9/28/2019 17:49,
Kylin ,28,10/9/2019 12:33,
KreStoViK ,0,9/28/2019 9:23,
FastBoii69ii ,0,9/28/2019 8:34,
Parzival1 ,0,9/28/2019 9:23,
Vladowskkyro ,0,9/28/2019 9:45,
pejz ,0,9/28/2019 9:56,
Fluff ,0,9/28/2019 10:10,
TDrey ,0,12/22/2019 18:07,
Koja ,0,9/28/2019 10:45,
Costel ,0,9/28/2019 11:14,
NDorian ,0,9/28/2019 11:13,
Castanhutska ,0,9/28/2019 11:17,
moxx ,0,9/28/2019 19:59,
BoteY ,18,10/7/2019 22:37,
FBK ,0,9/28/2019 11:39,
Pistanagy ,0,9/28/2019 12:17,
painstyle01 ,2,9/28/2019 13:43,
vooctoor ,0,9/28/2019 13:58,
Jim02754 ,0,9/28/2019 13:58,
Defalt ,9,9/28/2019 21:53,
AltinMFK ,0,9/28/2019 14:27,
AlexroGamer ,0,9/28/2019 14:49,
Null1 ,0,9/28/2019 15:28,
maksikik ,13,9/30/2019 13:56,
DeadAngel ,0,9/28/2019 15:15,
Tccoopmans ,0,9/28/2019 18:57,
Zama ,0,9/28/2019 16:31,
Caiosilva ,0,9/28/2019 16:56,
Nelko ,0,9/28/2019 17:16,
BobbyRs ,0,9/28/2019 17:32,
flexluckXX ,0,9/28/2019 17:53,
PorlogsSolo ,0,9/28/2019 18:06,
Devid ,0,9/28/2019 18:22,
LuckyStiker ,0,9/28/2019 18:24,
Nvite ,2,5/7/2020 8:50,
Kayla ,0,9/28/2019 18:49,
otecbudrian ,0,9/28/2019 19:13,
Kirill ,7,11/26/2019 12:22,
Trase1 ,0,9/28/2019 19:32,
iFlorinARDE ,0,9/28/2019 19:52,
TheProblem ,0,9/28/2019 19:45,
Defaltishacker ,0,9/28/2019 21:03,
hollis234 ,0,9/28/2019 21:11,
avaible ,0,9/28/2019 21:53,
okura51 ,2,9/29/2019 12:47,
Howtovass ,0,9/28/2019 22:02,
Ind3xx ,0,9/28/2019 22:27,
zemi69 ,0,9/28/2019 22:27,
Arito ,0,9/28/2019 22:53,
RasmusLind ,0,9/28/2019 22:53,
ArnieP ,3,9/29/2019 22:10,
OneGlock ,0,9/28/2019 23:56,
Nicker ,2,5/31/2020 17:05,
ToniProdsTBG ,0,9/29/2019 0:18,
Chemmortus17 ,3,9/30/2019 8:25,
yurik1579 ,0,9/29/2019 2:54,
MGPoventud ,0,9/29/2019 5:23,
Gh0stR4t ,1,9/29/2019 6:34,
DARKDOCTOR199 ,0,9/29/2019 7:03,
LoliChan ,0,9/29/2019 7:48,
Mishka00785 ,0,9/29/2019 8:02,
Rup3rt ,0,9/30/2019 8:34,
Delta ,0,9/29/2019 9:13,
Revex ,0,9/29/2019 9:08,
Raul ,0,9/29/2019 9:20,
ProfGome ,0,9/29/2019 9:20,
Coloniz ,0,9/29/2019 17:30,
YellowKing888 ,0,10/2/2019 19:11,
Dikompit ,0,9/29/2019 9:25,
Darkrxed ,0,9/29/2019 9:27,
Apm ,0,9/29/2019 9:35,
maks1234w ,0,9/29/2019 10:42,
Mates37 ,0,9/29/2019 11:41,
Xois ,17,4/20/2020 13:57,
andrii2207 ,0,9/29/2019 12:09,
t0m056 ,0,9/29/2019 12:21,
Stamos ,0,3/24/2020 17:30,
TerryHernandes ,0,10/1/2019 16:07,
Kyrou ,8,10/4/2019 17:00,
MtKing ,0,9/29/2019 13:26,
Armaggedon ,0,1/19/2020 22:27,
Zecor ,0,9/29/2019 14:04,
MrDodles ,0,9/29/2019 14:34,
Justatanil091 ,3,10/4/2019 14:22,
KeyBoard ,0,9/29/2019 15:09,
LeEclipse ,0,9/29/2019 15:33,
Igogames ,0,9/29/2019 15:37,
KL41D1 ,0,9/29/2019 16:57,
Sok ,0,9/29/2019 17:27,
Xenos ,0,9/29/2019 20:14,
tadic ,0,9/29/2019 20:11,
DreamKiller ,0,9/29/2019 20:28,
Hacker1989sw ,0,9/29/2019 20:40,
Krixt ,0,9/29/2019 20:40,
DesterQuester ,0,9/29/2019 20:49,
MrHacker ,0,9/29/2019 20:57,
MindMeltMax ,17,10/1/2019 15:57,
Vilkunas ,0,9/29/2019 21:57,
Alphamaster ,0,9/29/2019 22:05,
rigel ,13,10/10/2019 17:40,
SorenNhaaver ,8,9/30/2019 8:58,
Nikita ,0,9/30/2019 11:24,
Alpha ,0,9/29/2019 23:19,
PATRYKsun ,0,9/29/2019 23:41,
Antsaturian ,0,9/30/2019 0:03,
Doc ,0,9/30/2019 1:14,
ReadonReal ,7,9/30/2019 2:17,
PauRVinny ,4,9/30/2019 4:50,
Adahod ,2,10/11/2019 16:18,
LeonardAdv ,0,9/30/2019 7:52,
daxi7324 ,0,9/30/2019 19:18,
SpacexWolf ,77,11/15/2021 19:24,
Ignization ,2,10/3/2019 0:53,
KaiserKrash ,24,10/6/2019 22:44,
Patch ,109,12/4/2021 3:22,
Detlinger ,0,10/11/2019 21:52,
SkyCardis ,0,10/13/2019 17:45,
Brainiac ,0,10/13/2019 18:11,
KimiENCRYPTED ,5,1/27/2020 20:10,
Svennnnl ,0,10/15/2019 14:50,
Randon ,0,10/19/2019 15:04,
Alexei ,0,10/20/2019 18:52,
BobbyTables ,2,10/21/2019 1:33,
JTeam ,12,10/30/2019 19:23,
Hermann ,0,10/24/2019 19:43,
MegaRoyal ,0,10/29/2019 19:32,
sasser ,16,11/8/2019 18:49,
TheDanster ,68,4/15/2020 21:17,
Santa ,34,12/27/2019 0:54,
Hashbrowniest ,22,11/3/2019 19:26,
aduboo ,0,11/3/2019 19:14,
Subject ,153,5/28/2020 0:07,
DontFaround ,0,11/5/2019 9:36,
informedmoon ,73,11/15/2021 0:21,
SuseHvH ,0,11/6/2019 20:34,
doink12 ,0,11/6/2019 20:52,
sunjester ,0,11/7/2019 10:04,
Unknown ,0,11/7/2019 18:56,
Controlled ,1,11/12/2019 0:18,
hang ,0,11/8/2019 19:12,
Koge ,3,11/8/2019 21:34,
mushroomS4Ng ,13,11/13/2019 7:29,
hacket ,3,11/9/2019 16:24,
CobaltThunder ,42,7/28/2021 0:34,
CrimCat ,0,11/10/2019 0:25,
Zekebot ,0,11/3/2020 2:26,
Porfiriy ,0,11/12/2019 15:37,
Zenjith ,0,8/29/2021 9:28,
Spice ,0,11/16/2019 0:35,
Jak ,0,11/16/2019 3:21,
idenchik ,6,11/17/2019 14:53,
Edwin9803 ,0,11/16/2019 16:55,
Baseba11ru1es11 ,0,11/17/2019 0:19,
FaolanKusibo44 ,16,12/17/2019 3:26,
melo ,11,11/21/2019 20:02,
Blachterman ,0,11/17/2019 16:08,
Patbob22 ,0,11/17/2019 23:04,
DigitalLazarus ,0,11/18/2019 5:59,
CerealKiller ,0,11/18/2019 14:24,
Phalenward ,0,11/23/2019 15:38,
Illusionzx ,0,11/23/2019 15:39,
gliteWoSXMxT ,0,11/23/2019 15:39,
Anomaly ,14,11/23/2020 21:55,
paHfGoArUbLitjP ,0,11/23/2019 15:39,
xuKfkUnL ,0,11/23/2019 15:39,
uBdjAkesHo ,0,11/23/2019 15:39,
SayYEjmNOFPCluM ,0,11/23/2019 15:40,
BGxMnsQJ ,0,11/23/2019 15:40,
gJqvXSmTHfl ,0,11/23/2019 15:40,
wanrjGJmLREUvA ,0,11/23/2019 15:40,
lZJPQfOaiMqcF ,0,11/23/2019 15:40,
yBNnXYSjcbl ,0,11/23/2019 15:41,
MbFNKPVrcD ,0,11/23/2019 15:41,
hMaLoErNlsCpWuH ,0,11/23/2019 15:41,
omar ,8,11/21/2019 0:16,
lohEVbvnSe ,0,11/23/2019 15:42,
EkhmjUrJD ,0,11/23/2019 15:42,
Alphafemale177 ,0,11/23/2019 15:42,
lQwcXeUfVu ,0,11/23/2019 15:42,
WyPkEIwfM ,0,11/23/2019 15:42,
OpBSelboMcL ,0,11/23/2019 15:44,
sTqaIDLOznZ ,0,11/22/2019 10:18,
hQHvZmzJpuiLIx ,0,11/23/2019 15:44,
ZKUozATPeB ,0,11/23/2019 15:44,
IMOZgaPDYumv ,0,11/23/2019 15:45,
KorpsKilla ,4,11/25/2019 0:45,
havik ,N/A,Yesterday 23:59:01,
gitvord ,0,11/25/2019 14:11,
MoDief ,0,11/25/2019 14:16,
k1ssme ,0,11/25/2019 14:26,
ekaklip ,0,11/25/2019 15:13,
Jebach747 ,0,11/25/2019 15:24,
ahmedalieid ,0,11/26/2019 11:16,
Juniorking ,0,11/25/2019 15:11,
AmusingMeko ,2,1/9/2020 12:58,
FBI ,0,11/27/2019 22:39,
Arzek ,0,11/25/2019 15:37,
zakariaouarad ,0,11/25/2019 15:48,
Madih ,12,11/26/2019 11:42,
DarkZen ,0,11/25/2019 17:02,
Nibe ,0,11/25/2019 16:04,
capital ,21,8/5/2020 18:11,
stanoje ,0,11/25/2019 16:19,
lelek200142 ,14,11/26/2019 16:43,
Kingstile ,0,11/25/2019 16:28,
Volodymyrsvets ,0,11/25/2019 16:30,
DrDee ,57,1/30/2020 15:10,
Ontarius ,0,11/25/2019 16:46,
momenheacker ,0,11/25/2019 16:53,
Edylson ,0,11/25/2019 16:58,
MANJEL ,0,11/25/2019 17:28,
Lamzokimmich ,0,11/29/2019 18:59,
Player59 ,0,11/25/2019 17:40,
UnknownKnxck ,0,8/10/2020 13:27,
Jean ,0,11/25/2019 17:41,
CreativeWater ,0,11/25/2019 17:40,
BrokeAng3l ,0,11/25/2019 17:57,
lenartth ,0,11/25/2019 18:03,
Aymen ,0,11/25/2019 18:07,
Debbar ,0,11/25/2019 18:26,
Blend ,0,11/25/2019 18:22,
Mostafayousoff ,0,11/25/2019 18:23,
richard ,0,12/6/2019 11:44,
Xenonx12 ,0,11/25/2019 18:39,
Mekikedir ,0,11/28/2019 17:12,
Mohand ,0,11/28/2019 12:56,
Tsebo ,0,11/25/2019 19:04,
Doudou12 ,0,11/25/2019 19:05,
Pilsion ,0,11/25/2019 19:14,
alex60mola ,0,11/25/2019 19:22,
Beejay ,0,11/25/2019 19:49,
Aass230 ,4,11/30/2019 17:05,
Taha10 ,0,11/25/2019 19:59,
Onez ,0,7/27/2020 18:47,
Aboudll ,0,11/25/2019 20:21,
guardsman ,0,11/25/2019 20:36,
Ahmed ,1,11/27/2019 7:53,
Skander2003 ,0,11/25/2019 20:54,
Teenspirit ,0,11/25/2019 20:56,
Khaled ,0,11/26/2019 16:53,
Devilish ,0,11/25/2019 20:58,
N4meless ,0,11/25/2019 21:02,
youcef31 ,0,11/25/2019 21:16,
BlackSheat ,0,11/25/2019 21:12,
Player ,10,5/7/2020 14:12,
123456789,2,11/25/2019 21:43,
Phutjepapa ,0,11/25/2019 21:26,
XNO ,0,11/25/2019 21:36,
Ivankz ,2,7/31/2020 2:25,
walrus ,0,11/25/2019 21:46,
Doz310 ,11,12/10/2019 23:24,
timafeychik ,0,3/24/2020 22:57,
Aerochi0001 ,0,11/25/2019 22:22,
mr3abkr ,0,11/25/2019 23:10,
Riphin ,0,11/25/2019 22:40,
OlaEmpire ,0,11/25/2019 22:56,
Thobeydynasty ,0,11/25/2019 23:19,
Brahimelemrani ,0,11/26/2019 1:12,
salem007 ,0,11/26/2019 1:22,
wrayempire ,0,11/26/2019 0:00,
Badben ,0,11/26/2019 2:10,
Traviseng ,0,11/26/2019 2:22,
Hmadi ,0,11/26/2019 2:42,
Thedestroyer ,12,11/26/2019 16:37,
Mrrobot1317 ,0,11/26/2019 4:29,
ChachTulina ,0,11/26/2019 5:42,
Mumus ,0,11/26/2019 5:55,
Waverunner ,0,11/26/2019 6:22,
raf1x ,31,12/2/2019 21:13,
Detancze ,0,11/26/2019 7:47,
WinterTem ,0,11/26/2019 9:18,
kingdm ,0,11/26/2019 9:31,
Salomon ,0,11/26/2019 9:39,
Matmax ,0,11/26/2019 10:07,
Yasho21 ,0,11/26/2019 9:45,
Maksliss ,0,11/26/2019 9:47,
ExcessPuppet334 ,0,11/26/2019 11:52,
Ashori ,0,11/26/2019 16:24,
RoakeruHakeru ,3,11/26/2019 11:23,
Artist ,0,11/26/2019 10:55,
rutherfordium ,0,11/26/2019 11:02,
Mrpsyco03 ,0,7/31/2020 19:58,
Eliocanka ,0,11/26/2019 11:42,
Hassen ,0,11/26/2019 11:45,
PIERNIKARZ ,0,11/26/2019 12:20,
Vuk ,0,11/26/2019 12:49,
Kali ,7,12/24/2019 12:20,
Hacker67 ,0,11/26/2019 13:29,
Fox ,0,11/26/2019 13:35,
Abdoulmariko ,0,11/26/2019 14:59,
Hix ,0,11/26/2019 15:56,
GrungeDealer ,0,11/26/2019 16:09,
Pacov ,0,11/26/2019 16:11,
Papi ,0,11/26/2019 16:17,
Sprint228 ,0,11/26/2019 16:34,
Mimed19 ,0,11/26/2019 16:42,
SULTAN ,0,11/26/2019 18:06,
aymenminou ,0,11/26/2019 17:53,
mkko120 ,4,2/2/2020 13:42,
Rohan ,0,11/28/2019 21:44,
HDDplayer ,0,11/26/2019 18:19,
Ano ,0,11/26/2019 19:39,
Nazzyghost ,0,11/26/2019 19:29,
HackErnest ,0,11/26/2019 19:28,
D0MIN0 ,0,11/26/2019 19:32,
Abdo ,0,11/26/2019 19:40,
P1zd3k ,0,11/26/2019 20:03,
Hebishi ,16,12/13/2020 9:48,
HoubaCZ ,2,7/28/2020 19:19,
Gehtdinixo007 ,0,11/26/2019 21:17,
Oscbisou ,0,11/26/2019 21:40,
DeviusSage ,0,11/26/2019 21:49,
FryGuy ,0,11/26/2019 21:39,
Fares ,0,11/27/2019 21:40,
alexmia ,0,11/26/2019 21:46,
DarkSider ,0,11/26/2019 21:47,
SiGmAShAdOw ,0,11/26/2019 23:35,
Gary ,0,11/26/2019 22:00,
Kiler1337 ,0,11/26/2019 22:03,
Solo ,0,11/26/2019 22:23,
ZekoTheHacker ,0,11/26/2019 22:51,
Karol565 ,0,11/26/2019 22:13,
ayoub ,0,11/27/2019 21:34,
Bibalaye ,0,11/27/2019 0:39,
said ,0,11/27/2019 2:45,
Tornadoss ,0,11/27/2019 1:17,
MHD ,0,11/27/2019 2:15,
Susu2i729 ,2,11/27/2019 2:28,
hovapo ,12,11/27/2019 7:15,
Tuku ,0,11/27/2019 4:58,
freaky ,0,11/27/2019 5:57,
Zedmed ,0,11/27/2019 5:47,
W33dC00kie ,0,11/28/2019 0:24,
Trixx ,0,11/28/2019 0:44,
MkkTk ,0,11/27/2019 7:48,
SHole ,0,11/27/2019 7:50,
Amimundo ,0,11/27/2019 17:27,
BaniBax ,0,11/27/2019 8:29,
JaLyEx ,0,4/29/2020 8:52,
zloyFallen ,0,11/27/2019 8:50,
ValikTheMLGPro ,0,11/27/2019 9:28,
drUmRag ,8,11/28/2019 8:14,
hayJhay ,0,11/28/2019 7:42,
DjPrez ,0,5/11/2020 9:16,
HackerGamerPro ,0,11/27/2019 11:33,
TerminatoR ,0,11/27/2019 11:39,
Retr0 ,0,4/29/2020 4:16,
potato707 ,0,11/27/2019 12:50,
xsofx ,0,11/27/2019 13:11,
TheSwissplayer ,0,11/27/2019 13:24,
Def ,0,11/27/2019 13:25,
Denis1 ,0,11/27/2019 13:37,
Mike1 ,13,11/30/2019 14:16,
Titan7 ,0,11/27/2019 13:54,
Jerome ,0,11/27/2019 13:57,
RodneyMcKay ,0,11/27/2019 14:47,
davide170602 ,0,11/27/2019 15:27,
KIRTaP ,0,11/27/2019 15:40,
CutzuSD ,0,12/6/2019 23:17,
MayanjaJr ,0,11/27/2019 15:46,
Kosta ,0,11/27/2019 15:50,
Darrin254 ,0,10/12/2020 15:59,
Llis ,0,11/27/2019 15:48,
Necero ,0,11/27/2019 16:54,
Ilyas777 ,0,11/29/2019 6:40,
ByteGamer ,0,11/27/2019 16:59,
Mrkayan ,0,11/27/2019 17:23,
Lulu1903 ,0,11/27/2019 17:13,
Artem ,0,11/27/2019 17:45,
atrophia ,0,11/27/2019 18:03,
Ceverk ,0,11/27/2019 18:32,
Kalombo ,0,11/27/2019 18:39,
LUCYFXR ,0,11/27/2019 19:06,
yungg ,0,11/27/2019 19:24,
moodysaad ,0,11/27/2019 19:54,
13iApostol ,17,11/29/2019 11:13,
Rick ,0,11/27/2019 22:03,
Mrpapi ,58,12/14/2019 14:22,
KubaTheQbax ,0,11/27/2019 22:26,
Rali ,3,11/28/2019 23:20,
powlskydz ,0,11/28/2019 0:14,
Ghost9918 ,0,11/28/2019 4:20,
a4med010 ,0,11/28/2019 3:19,
Kubaeror ,0,5/7/2020 11:53,
GrimReaper ,0,11/28/2019 8:28,
Fareed ,0,11/28/2019 9:08,
Damirol ,0,11/28/2019 10:32,
Lergadremon ,0,11/28/2019 10:23,
SprinteR ,0,11/28/2019 10:43,
SlimboiGerrald ,0,11/28/2019 11:17,
1ZUN4 ,1,11/28/2019 11:59,
Panini ,0,11/28/2019 12:05,
Chackra ,0,11/28/2019 12:30,
Stealth ,3,11/28/2019 12:46,
RedCable ,0,11/28/2019 13:02,
MrChicken989 ,6,12/3/2019 9:15,
Bakosrolcsi ,0,11/28/2019 13:43,
Happycoon ,0,11/28/2019 19:30,
creedo ,0,12/25/2019 15:02,
Nacho ,0,11/28/2019 21:41,
A346J21 ,0,11/28/2019 20:39,
Franklin ,0,11/28/2019 21:25,
Henrysanderson ,0,11/28/2019 21:55,
yousuch ,0,11/28/2019 22:33,
Kaf ,0,11/28/2019 23:10,
KronoX ,0,11/29/2019 7:00,
Geronimo ,0,2/7/2020 17:04,
Vrb1 ,0,11/30/2019 14:43,
jonjonz ,0,11/30/2019 9:33,
7h3h1v3 ,0,11/30/2019 15:38,
HACKER14 ,2,12/1/2019 3:26,
blackfriday ,10,12/4/2019 18:01,
torgodly ,0,12/1/2019 3:30,
Santaclausa ,6,12/3/2019 11:08,
Ralseiwolf ,2,12/1/2019 20:57,
Thunder8488 ,31,12/6/2019 16:11,
antonia94 ,0,12/2/2019 16:52,
Pedrobear19 ,2,12/3/2019 10:09,
Kris ,0,12/3/2019 19:45,
fr0styyyyy ,21,12/5/2019 17:10,
Mictian999 ,2,12/6/2019 2:40,
ChAROn2HADEs ,2,12/6/2019 0:09,
MrKingDodo ,55,12/7/2020 11:18,
valentinadebby ,0,12/24/2019 22:57,
cyberlife ,0,1/9/2022 11:41,
Fallenstar44 ,87,2/16/2022 22:19,
Cathnip ,0,12/8/2019 18:20,
koroe ,0,12/11/2019 0:52,
d00mpl0x ,3,12/11/2019 9:57,
zmoorek1 ,0,12/13/2019 12:05,
zaayid ,0,12/14/2019 20:47,
ash ,0,12/16/2019 18:18,
crashoverride ,0,8/24/2020 20:46,
MythicalMyth ,0,12/19/2019 21:00,
bhjhjk ,0,12/19/2019 21:45,
Facker ,4,12/31/2019 12:18,
grilledcheese ,0,12/21/2019 7:06,
Ayushan ,0,12/21/2019 16:45,
R4780y ,11,1/4/2020 5:46,
DeveloperBruce ,24,8/30/2020 15:07,
fahkeet ,0,12/25/2019 3:25,
Floxxum ,0,12/26/2019 17:32,
richintalk ,0,9/7/2020 4:29,
mickeydjw ,85,3/23/2020 16:37,
gdarko ,0,2/7/2022 7:11,
BlackBud1312 ,0,1/3/2020 15:07,
dekuchan ,0,1/4/2020 23:13,
anyx ,76,3/21/2021 0:27,
unresolved ,51,3/26/2021 23:23,
Malishis ,28,1/11/2020 19:14,
Freedom ,0,1/31/2022 23:48,
Benny ,61,2/27/2022 1:33,
SteveKennway ,2,1/11/2020 9:05,
Kmsrn ,12,1/11/2020 19:52,
Specter007 ,0,1/10/2020 22:35,
LtJas0n ,0,1/11/2020 2:25,
23333,0,1/11/2020 4:12,
Jargon3431 ,0,1/12/2020 6:37,
Bekker ,11,1/17/2020 12:48,
helleberg ,11,1/17/2020 13:22,
Cryptic ,42,1/22/2020 19:26,
mrbombastic ,14,1/24/2020 3:39,
nop ,0,1/24/2020 5:14,
Crazyqueen09 ,32,10/31/2020 8:35,
binsnappin ,0,1/27/2020 12:50,
Clayway ,0,1/31/2020 8:48,
AlCapone ,3,2/1/2020 13:40,
RvRhykker ,3,1/31/2020 10:47,
Bratokolo ,0,1/31/2020 8:34,
Bekery ,0,1/31/2020 8:35,
QkiPlay ,0,1/31/2020 8:39,
Killcat ,0,1/31/2020 8:37,
ALEGA ,3,1/31/2020 10:44,
Dylangeddes477 ,0,1/31/2020 8:57,
Matik000 ,0,1/31/2020 8:57,
Aremax ,0,1/31/2020 8:59,
KowiNaz ,0,1/31/2020 9:06,
lordiks ,0,1/31/2020 9:10,
meliodas ,0,1/31/2020 21:11,
BuilderZ ,0,2/5/2020 5:48,
G0hJot ,0,1/31/2020 9:58,
Dragon ,0,1/31/2020 9:42,
Rodri ,0,2/1/2020 18:50,
vandrerenn ,0,1/31/2020 10:22,
TaTTo4ek ,0,1/31/2020 10:26,
Michalj11 ,0,1/31/2020 12:16,
ghjklk ,0,1/31/2020 12:14,
BonCsa ,0,1/31/2020 12:21,
RS6 ,0,1/31/2020 12:41,
ElMatichos ,0,2/3/2020 6:56,
Fenix ,0,1/31/2020 20:30,
scafierr ,0,1/31/2020 14:24,
Dataris ,2,3/27/2020 13:33,
GantlePoison ,0,1/31/2020 14:37,
neceremscuze ,0,3/25/2020 14:09,
NexoBolt ,0,1/31/2020 14:54,
Memezy ,6,1/31/2020 22:07,
Allipse ,0,1/31/2020 15:08,
Eva ,0,1/31/2020 15:18,
stichandlila ,0,1/31/2020 15:31,
rappha ,0,2/1/2020 0:00,
BrBocha ,0,1/31/2020 17:18,
Kubis10 ,11,2/1/2020 15:10,
Daniel2003 ,0,1/31/2020 19:32,
Dzomba ,0,1/31/2020 17:14,
Utichka228 ,0,1/31/2020 18:54,
Golht097 ,0,1/31/2020 17:41,
Dankox85 ,0,2/3/2020 18:13,
Tilomator ,5,2/1/2020 10:00,
Fresh ,0,2/1/2020 19:45,
ArduaUA ,0,1/31/2020 18:39,
Naqevl ,0,1/31/2020 18:44,
Sayn ,0,1/31/2020 18:46,
Aurelio ,0,1/31/2020 18:51,
edddi ,2,1/31/2020 19:48,
awdawdawd ,0,1/31/2020 19:29,
maksonch1k ,13,2/2/2020 20:39,
GV42 ,0,2/2/2020 22:23,
cobraX ,0,1/31/2020 20:14,
demchuk ,0,3/24/2020 12:28,
kalc0r ,0,2/2/2020 0:00,
ARDONIS ,0,1/31/2020 21:20,
S3v3nxy ,0,1/31/2020 22:56,
DRAGKOS ,0,1/31/2020 21:27,
dodgeeFps ,0,1/31/2020 21:45,
PinPonchik ,0,1/31/2020 21:46,
n1ker0n ,0,1/31/2020 21:52,
Zlagowany ,0,1/31/2020 21:59,
Bilkonez ,0,1/31/2020 22:13,
Demon ,0,2/1/2020 21:54,
Den2601 ,0,1/31/2020 22:50,
RedStalker ,12,2/1/2020 2:12,
FreshTap ,2,2/2/2020 13:33,
Tmviruop ,0,2/1/2020 10:20,
eermali ,0,2/1/2020 1:56,
Ndesene ,0,2/1/2020 5:14,
GeorgelkFN2 ,0,2/1/2020 6:57,
Teodor02 ,0,2/1/2020 6:40,
KEKKO96 ,2,2/1/2020 19:46,
Nyx ,0,2/1/2020 8:12,
kalis2007 ,0,2/1/2020 8:49,
Szakal ,0,2/1/2020 9:12,
unknown1 ,0,2/1/2020 9:19,
Erlends ,0,2/1/2020 9:22,
Yolo ,0,2/1/2020 9:39,
Miran ,0,2/1/2020 9:48,
lucanitas ,0,2/1/2020 12:16,
zScoorpyh ,0,2/1/2020 9:57,
anesfonda ,0,4/28/2020 19:14,
buedgik01 ,0,2/1/2020 11:05,
Kuyayyav69 ,0,2/1/2020 11:47,
thedoffin ,0,2/1/2020 12:02,
olku2005 ,0,2/1/2020 11:53,
Hoptixx ,0,2/1/2020 12:00,
Noname ,0,2/1/2020 12:16,
NAYMOV ,0,2/1/2020 12:58,
LataczLataJD ,0,2/1/2020 14:09,
biglusa ,0,2/1/2020 16:49,
HIGVEY ,0,2/1/2020 14:26,
Raivo ,12,2/2/2020 10:50,
Astrr ,0,5/5/2020 21:39,
AGG ,0,2/1/2020 15:02,
mrl0n3lly ,0,2/1/2020 16:07,
thDarkyEs ,0,2/1/2020 15:48,
M4to48 ,0,2/1/2020 15:52,
shady5STAR ,0,2/1/2020 16:30,
LaNdEr ,0,2/1/2020 16:39,
Dany020220 ,2,2/2/2020 19:27,
AlecsWorld ,0,2/1/2020 17:04,
Nightfox09 ,0,2/1/2020 17:04,
Maxim ,0,2/1/2020 17:32,
Mukonazwothe ,0,2/1/2020 17:38,
ShadowX ,0,2/1/2020 17:46,
Nuno2143 ,0,2/1/2020 18:06,
Sheppard ,0,2/2/2020 22:48,
RedBloodNinja ,0,2/1/2020 18:16,
Jk4fr33d0m ,0,2/1/2020 18:29,
Branko3e11 ,0,2/1/2020 19:20,
Ljasim ,0,2/1/2020 19:20,
PhantomCoder ,4,2/7/2020 22:16,
luan ,0,2/1/2020 22:51,
Sp3kTr4 ,0,2/1/2020 20:05,
Jopepe ,0,2/2/2020 22:03,
N3ro ,0,2/1/2020 20:32,
CTNA ,0,2/1/2020 20:37,
KingSiya ,0,2/1/2020 20:51,
Rotkvica ,2,2/1/2020 22:22,
YellowyTitan499 ,0,2/1/2020 22:03,
Crni89 ,0,2/3/2020 10:43,
therealhack ,0,2/1/2020 22:16,
naldoflix ,0,2/1/2020 22:35,
nevisiven ,0,2/1/2020 23:25,
Chill ,54,7/22/2020 22:33,
Skapczur ,0,2/1/2020 23:46,
Khuliso ,0,5/14/2020 0:41,
sefsef ,0,2/2/2020 0:27,
SuperNova ,0,2/2/2020 0:45,
Addyy ,0,2/2/2020 14:01,
kenzor ,0,2/2/2020 1:19,
L22 ,0,10/7/2020 14:37,
SLawsKI ,0,2/2/2020 2:09,
Xtssta ,0,3/26/2020 3:06,
N3RVE ,0,2/2/2020 2:39,
Alexiso ,0,2/2/2020 2:50,
Toxichacker ,0,2/2/2020 3:41,
Winterwolf ,0,2/2/2020 3:56,
Deepchild ,0,2/2/2020 8:04,
stifler15 ,0,2/2/2020 10:11,
Kono ,0,2/2/2020 10:04,
StonerKubik420 ,0,2/2/2020 10:09,
ShadowFox ,0,2/2/2020 10:49,
Gregor ,0,2/2/2020 10:57,
Spr1dy ,2,3/26/2020 17:40,
FraThePto ,0,5/11/2020 11:27,
Kidux01 ,0,2/2/2020 11:43,
Axel ,0,2/2/2020 12:37,
pabaliko ,2,2/2/2020 13:19,
Maarten0909 ,0,2/2/2020 13:57,
Shiroite ,0,2/2/2020 14:04,
JPH ,0,2/2/2020 14:01,
zByte1337 ,0,2/2/2020 13:59,
mal0isad ,0,2/2/2020 14:15,
Infite ,2,3/29/2021 15:26,
Kostek ,0,2/2/2020 14:39,
Kibomo ,0,2/2/2020 14:49,
GivenFLY ,0,2/2/2020 15:23,
Alexarius4 ,0,2/2/2020 15:26,
bmxixer ,0,2/2/2020 16:03,
Zefronix ,0,10/10/2020 15:09,
Vedran ,0,2/2/2020 17:34,
facelift ,0,2/2/2020 17:27,
tyskidzi ,0,2/2/2020 23:19,
bleachhun ,5,4/28/2020 1:46,
Adamiko ,0,2/2/2020 18:22,
adika007 ,0,2/2/2020 18:51,
Albi ,0,2/3/2020 6:42,
Kat01 ,0,2/2/2020 18:40,
Z3R0540 ,14,2/12/2020 22:01,
Vzlomshik ,0,2/2/2020 19:34,
pozitiv ,0,2/2/2020 19:23,
Max ,0,2/2/2020 22:31,
KaZe ,0,2/2/2020 19:47,
PsorAka ,0,2/3/2020 19:29,
Szymon ,0,2/2/2020 21:24,
fresco88 ,0,2/2/2020 22:09,
Juri ,0,2/2/2020 22:33,
Hacker99876 ,0,2/2/2020 22:22,
J0k3 ,0,2/2/2020 22:35,
overdose ,0,2/2/2020 22:34,
Glitch105 ,24,2/6/2020 4:10,
f4ll1n ,0,2/2/2020 23:38,
CodeX ,0,2/3/2020 0:48,
Mafjand ,0,7/22/2020 13:56,
aFFko ,0,2/3/2020 1:24,
nvoodoo ,0,2/3/2020 2:22,
HEISENBERG ,2,2/12/2022 21:29,
lampusky ,0,2/3/2020 3:14,
crised ,0,2/3/2020 4:10,
Kana ,4,2/8/2020 22:57,
Skech ,0,2/4/2020 8:51,
lunknao ,0,2/3/2020 6:24,
Carlvern ,0,9/12/2020 13:00,
averagenongamer ,54,2/10/2020 4:49,
Norhak ,0,2/3/2020 6:13,
MaydaY98 ,44,2/7/2020 12:38,
xmallow ,2,2/3/2020 6:55,
thedarkmist ,16,11/16/2020 17:14,
m1xf1r3 ,0,2/3/2020 6:38,
Sanele16 ,0,2/3/2020 8:00,
jebacczarnuchy ,0,2/3/2020 21:45,
RedneckHacker ,0,2/5/2020 21:51,
Dragon7Killer ,0,2/4/2020 0:48,
PepeGastr ,3,2/6/2020 15:37,
MrcPht ,0,2/8/2020 20:56,
Misu ,0,2/5/2020 7:39,
Xpected ,23,2/7/2020 6:28,
fearthedarkside ,18,10/14/2020 19:05,
Ryan ,0,2/6/2020 22:13,
sarzfull ,0,2/8/2020 14:58,
element ,64,6/21/2020 23:36,
killervari ,13,5/11/2020 4:19,
SpiderGlitch ,12,2/14/2020 17:12,
Zer00Cool ,2,2/14/2020 11:02,
ogkush ,0,2/21/2020 20:30,
CrypticSlug ,0,2/22/2020 19:06,
Zed ,0,3/3/2020 19:20,
ahmed8415230 ,7,2/24/2020 7:49,
Xytobyte ,4,5/2/2020 8:31,
Unknown28 ,0,2/25/2020 5:37,
forte ,11,2/27/2020 21:38,
ilyamus1321 ,0,2/25/2020 20:47,
Joshym2008 ,0,2/25/2020 22:21,
Keyz39 ,0,2/26/2020 4:19,
Benkil ,0,2/27/2020 3:44,
HackerBoy ,0,5/26/2020 11:03,
Serapis ,0,2/28/2020 0:51,
Eyo6838 ,0,2/28/2020 13:04,
Dahrik ,0,2/29/2020 20:43,
Joshua ,11,3/2/2020 12:33,
Vava ,11,3/9/2020 11:25,
04andrewsa ,0,3/5/2020 20:26,
Tymle ,0,3/6/2020 13:44,
WindPowaGG ,0,3/6/2020 19:32,
zFishyy ,0,3/8/2020 1:30,
Lilmlg ,0,3/8/2020 7:11,
shanmugavasan ,0,3/9/2020 11:23,
UnusualKM1 ,38,5/11/2020 22:06,
Shido ,0,3/10/2020 4:31,
Archydude ,14,3/18/2020 9:49,
ROZX ,0,3/15/2020 7:55,
Fyxtro ,0,3/15/2020 0:04,
Caleb ,0,3/14/2020 23:59,
BETWO ,0,3/15/2020 6:28,
JodiDark ,2,3/15/2020 9:00,
Luissebsastien ,14,6/28/2021 2:38,
BarberianKIng ,31,3/18/2020 13:00,
CharlieV03 ,17,4/19/2020 17:16,
Jewants2dielol ,0,3/18/2020 14:21,
Stoneruk ,43,4/7/2020 23:25,
anonscrub ,0,3/19/2020 19:18,
Hardcoregamer12 ,2,3/20/2020 17:34,
Domaintor ,0,3/21/2020 5:57,
t0xik0ss ,85,5/16/2020 3:36,
kekw ,2,3/21/2020 20:52,
AlexSpark ,0,3/24/2020 11:29,
Katzusha ,0,3/24/2020 11:41,
Painkiller99 ,0,3/24/2020 11:55,
marko33366 ,2,3/24/2020 13:22,
LucarioOwO ,0,3/24/2020 12:20,
sany77 ,2,3/24/2020 18:57,
Genttbaba ,0,3/24/2020 12:30,
Fabio ,6,3/25/2020 14:50,
DarkHUN ,0,3/24/2020 12:50,
Fuse ,0,3/24/2020 13:31,
Regina28 ,0,3/24/2020 13:28,
polskistary ,13,3/27/2020 9:16,
anonymous2244 ,0,3/24/2020 13:59,
shade ,2,3/24/2020 22:57,
Sniipex33 ,0,3/24/2020 13:56,
Snake523 ,4,3/24/2020 21:37,
hasjshhsvsls ,0,3/24/2020 14:09,
Hacker23 ,0,3/24/2020 14:40,
XtReMme ,0,3/24/2020 15:00,
Kutsya ,0,3/24/2020 14:54,
jurask ,0,3/24/2020 15:35,
maximilian476 ,0,3/24/2020 15:26,
LewinGeist ,0,3/24/2020 16:11,
Retr0Gamer ,0,3/24/2020 16:19,
MamradAnime ,5,3/27/2020 16:14,
Ankir ,0,3/24/2020 17:54,
Bleiss ,0,3/24/2020 16:33,
illuminaty ,0,3/24/2020 16:57,
KAKOsiglup ,0,3/24/2020 16:56,
OnchanSniper ,0,3/24/2020 16:57,
KaniacRoot ,0,3/24/2020 17:16,
Superboo ,0,3/24/2020 17:37,
Amnestic ,0,3/24/2020 17:31,
Dzyrga ,0,3/24/2020 17:35,
HeksNotAccepted ,2,3/24/2020 17:56,
Superboo123 ,0,3/24/2020 17:57,
Khiri ,0,3/24/2020 17:40,
LagMyAss ,0,3/24/2020 18:25,
ATheSoldier ,2,3/26/2020 7:00,
Tom ,0,3/24/2020 18:06,
denjaraa ,3,3/25/2020 18:50,
Krstovicc ,0,3/24/2020 18:14,
Kryzadel ,1,3/24/2020 18:52,
DylanHD21 ,1,3/24/2020 18:37,
JValek ,0,3/24/2020 18:23,
Minimo19 ,0,3/24/2020 21:10,
cosmaan ,0,3/25/2020 15:55,
harunsuljevic ,0,3/24/2020 18:47,
Lukateli101 ,2,3/24/2020 19:15,
razvanpetrovici ,2,3/24/2020 19:27,
Elvis ,0,3/24/2020 19:19,
User1 ,0,3/24/2020 19:36,
Rionsherifi ,0,3/24/2020 19:33,
TheIrish ,0,3/24/2020 19:35,
Crafu ,0,3/24/2020 19:35,
ThePintersHUN ,0,3/24/2020 19:49,
Minewurm ,0,3/24/2020 19:51,
Qacer ,8,3/24/2020 21:21,
ZoroDrljacha69 ,0,3/24/2020 20:07,
L1MB0 ,0,3/24/2020 20:16,
Carlosfab ,0,3/24/2020 20:42,
Yukii ,0,3/24/2020 21:03,
NEO ,0,3/24/2020 21:12,
Piratesz ,2,3/24/2020 21:37,
Ian ,0,3/24/2020 22:45,
Boriska ,0,3/24/2020 22:12,
Boym4n ,0,3/24/2020 22:14,
Zlyn ,0,3/25/2020 14:20,
AshDarknet ,2,3/24/2020 22:45,
ylli ,0,3/24/2020 22:21,
MaZoKu4321 ,0,3/24/2020 22:21,
Mystx ,0,3/24/2020 22:32,
AgastumaSama ,0,3/24/2020 22:39,
Ekafkef1 ,0,3/24/2020 22:52,
spajin ,0,3/24/2020 22:50,
AgentS ,2,3/24/2020 23:29,
task98 ,2,3/25/2020 1:11,
davoos ,2,3/25/2020 0:15,
DimonD ,0,3/24/2020 23:17,
Apexonis ,0,3/24/2020 23:57,
anonimus101 ,0,3/24/2020 23:49,
TheSoldier ,0,3/25/2020 0:01,
AchtungMann ,3,11/25/2020 18:54,
tumbleweed ,0,3/25/2020 0:28,
BurningDemon ,0,3/25/2020 0:57,
Amar1337 ,14,3/25/2020 6:21,
PivotLeader00 ,0,3/25/2020 1:02,
Jacopaz1 ,2,3/25/2020 2:17,
Michauu ,0,3/25/2020 1:06,
Emin ,0,3/25/2020 11:27,
Hordash ,0,3/25/2020 2:01,
Checkium ,0,3/25/2020 2:00,
Iuly ,0,3/25/2020 2:32,
Zeqo ,0,3/25/2020 2:57,
Enderina ,0,3/25/2020 4:29,
LeviHeck ,0,3/25/2020 5:10,
18992A8 ,0,3/25/2020 5:43,
Karlearr ,0,3/25/2020 7:04,
MrSammy ,0,3/25/2020 7:33,
cosminbest10 ,0,3/25/2020 8:34,
Fabrizio ,0,3/25/2020 7:55,
Norby ,0,3/26/2020 8:00,
dtim ,2,3/25/2020 8:25,
I26DecemberI ,0,3/25/2020 8:40,
Heavenport93 ,0,3/25/2020 9:04,
Stefancreed ,10,5/6/2020 17:17,
Matyas ,12,4/3/2020 22:31,
MegaKKK ,0,3/25/2020 9:32,
DavidAA007 ,11,3/25/2020 13:47,
SoaL ,0,3/25/2020 10:25,
Aya ,0,3/25/2020 10:27,
Sharkftv ,0,3/25/2020 10:36,
MaxAnonimus ,0,3/25/2020 10:52,
Alfred ,0,3/25/2020 11:17,
Harck ,0,3/25/2020 11:18,
Hearty0 ,0,3/25/2020 11:15,
Solomon ,11,4/9/2020 20:36,
martasss ,0,3/25/2020 11:40,
antivirus410 ,16,3/28/2020 22:35,
AndiDuFa ,6,9/15/2020 15:07,
Kakalopo ,0,3/25/2020 12:40,
Titoune917 ,0,3/25/2020 13:10,
akrep214 ,0,3/25/2020 13:11,
Gabriel ,0,3/25/2020 13:14,
Jovika ,1,3/25/2020 14:15,
Ethannoo ,0,3/25/2020 13:39,
MatejaRajic ,0,3/25/2020 13:53,
N3mo ,0,3/25/2020 14:14,
ShootingStar ,0,3/25/2020 14:37,
taskyzor ,2,3/25/2020 14:52,
n0us3r ,0,3/25/2020 14:33,
HarisZekolli ,0,3/25/2020 14:44,
Anonymous23 ,0,3/26/2020 11:13,
JohnMcDong ,0,3/25/2020 15:00,
PeterBalta ,0,3/25/2020 16:03,
Maky ,12,3/27/2020 13:12,
sandykan300 ,0,3/25/2020 15:26,
GeorgOhm ,0,3/25/2020 16:02,
MJPSS55 ,0,5/30/2020 17:52,
Dennyel ,0,3/25/2020 16:10,
DarkMan2 ,0,3/25/2020 16:55,
Death ,0,3/25/2020 17:18,
Adi ,0,3/25/2020 18:03,
Ecleptor ,8,3/26/2020 16:41,
roliiiix ,0,3/25/2020 19:23,
JeanIsHere ,2,3/25/2020 20:04,
TOPOTAesp ,2,3/25/2020 23:48,
Andrei11 ,0,3/25/2020 20:23,
exterminator ,4,3/25/2020 21:23,
Kiko ,0,3/25/2020 21:05,
Vadimka ,0,3/25/2020 21:24,
Marian ,0,3/25/2020 21:34,
YarikAssShot ,0,3/25/2020 21:49,
vaclap ,0,3/25/2020 22:03,
ghost1005 ,2,3/25/2020 22:54,
Eddy ,0,3/25/2020 22:36,
leonardmorina ,7,3/27/2020 19:39,
teamulacuk ,0,3/25/2020 22:41,
KyojiYamura ,0,3/25/2020 23:29,
NOL ,2,4/7/2021 11:20,
Yurkazz ,0,3/25/2020 23:22,
Simon ,0,3/25/2020 23:56,
Andre ,0,3/26/2020 0:59,
SOMEONE ,0,3/26/2020 0:37,
Froz3nD1g1TaL ,0,3/26/2020 0:39,
Teomaltezos ,6,3/26/2020 10:49,
Daka00 ,0,3/27/2020 20:12,
awkwardpot ,0,3/26/2020 2:29,
Kewice ,0,3/26/2020 2:47,
Kyosuke123 ,0,3/26/2020 4:04,
Username ,2,3/28/2020 18:52,
blueangel9999 ,9,3/27/2020 1:52,
daneron ,0,3/26/2020 11:13,
Maialerosso ,0,3/26/2020 7:56,
sQuBaNy ,0,3/26/2020 10:37,
Mordeczko ,0,3/26/2020 9:53,
Darkmen ,0,3/27/2020 8:52,
Vuki ,0,3/26/2020 8:34,
wougamer225 ,22,3/27/2020 9:34,
Ankarius ,18,3/30/2020 14:04,
yamazaki666 ,0,3/26/2020 8:48,
Stici ,0,3/26/2020 11:58,
Seniko ,0,3/26/2020 9:06,
Yeusneuse ,0,3/26/2020 9:20,
BlueLion ,0,3/26/2020 9:21,
MirzA ,0,3/26/2020 10:28,
DarkNinja ,0,3/26/2020 10:28,
MonTix ,0,3/26/2020 10:58,
kripton ,0,3/26/2020 12:02,
negatyw ,0,3/26/2020 12:39,
NicholasTM ,0,3/26/2020 12:54,
KYMA ,17,4/5/2020 11:51,
JebemBabe ,0,3/26/2020 12:56,
alexisdu7589 ,0,3/26/2020 13:11,
Sale ,0,3/26/2020 13:40,
RustyK9 ,0,3/26/2020 14:18,
sectorS ,0,3/26/2020 14:31,
Kingskills ,0,3/26/2020 15:22,
delle24 ,0,3/26/2020 16:21,
luigi ,0,3/26/2020 16:13,
Shimano1 ,0,3/26/2020 16:26,
Queener ,0,3/26/2020 16:53,
SeriousNip ,0,3/27/2020 9:16,
MrWick ,0,3/26/2020 17:35,
Savenko ,0,3/26/2020 17:33,
clemsix6 ,2,3/26/2020 19:07,
DelFin124 ,14,5/19/2020 18:43,
Z3R0 ,0,3/26/2020 19:14,
WildW767 ,0,3/26/2020 19:10,
Arthurka123 ,0,3/26/2020 19:17,
FSKSAM ,2,3/26/2020 19:59,
Sentinel ,0,3/26/2020 19:24,
KubSub ,0,3/26/2020 19:23,
Boroda ,0,3/26/2020 19:35,
ELV1N ,0,3/26/2020 20:12,
Xhoni ,0,3/26/2020 20:23,
STVNONE ,4,3/26/2020 21:49,
cardar ,0,3/26/2020 21:35,
rachelosx ,0,3/26/2020 22:11,
DumyDanci551 ,0,3/26/2020 22:06,
Loldiscord ,0,3/26/2020 22:03,
Professore ,24,3/29/2021 10:57,
Balsa22 ,0,3/27/2020 0:09,
Sanderso ,0,3/26/2020 22:36,
NT010418 ,0,3/26/2020 23:14,
Margossha ,0,3/26/2020 23:30,
B4n3 ,0,3/31/2020 13:54,
KaraqiV2 ,0,3/27/2020 0:54,
QNT ,0,3/27/2020 1:24,
Pearl2805 ,0,3/27/2020 2:04,
Luxra ,0,3/27/2020 2:23,
Elton ,0,3/27/2020 4:42,
Alexunderlag ,0,3/27/2020 3:42,
Kiljorn1109 ,22,3/28/2020 17:36,
Vilnars ,0,3/27/2020 4:22,
Choooo ,0,3/27/2020 6:09,
Gamebudymass ,11,3/27/2020 12:41,
GamingGuyLV ,0,3/27/2020 6:46,
ximan32 ,0,3/27/2020 7:48,
gerazsoci ,0,3/27/2020 8:08,
ritadibil ,11,3/27/2020 14:18,
MRX ,0,5/3/2020 12:13,
mrstas ,0,3/27/2020 8:14,
lukkie2207 ,0,3/27/2020 8:19,
Bram ,0,3/27/2020 8:22,
skron3072 ,0,3/27/2020 8:39,
TOmmasoazzo ,0,3/27/2020 9:21,
xXmatthewXx ,0,3/27/2020 13:22,
Ryuk06 ,0,3/27/2020 10:34,
BlackyHat ,13,6/13/2020 9:00,
l5d0 ,0,3/27/2020 11:17,
HeroinAddiction ,0,3/30/2020 12:18,
L01L5 ,3,3/31/2020 15:20,
Hubert ,0,3/27/2020 12:02,
Anndi121 ,0,5/5/2020 20:46,
GrafvonDralgo ,2,4/10/2020 19:18,
skuzahs ,0,3/27/2020 12:13,
Razorblade45 ,0,3/27/2020 12:17,
Vitalie ,0,3/27/2020 12:38,
anonygiogi ,1,3/27/2020 12:55,
korebykalpa ,0,3/27/2020 12:56,
ABajnok ,0,3/27/2020 13:08,
geroingrisa ,0,3/27/2020 13:20,
Hardvar ,0,3/27/2020 13:21,
chatta ,0,3/27/2020 13:48,
Netkiller ,1,3/27/2020 17:34,
Roman16 ,0,3/27/2020 14:30,
ThePsiiKoZz ,2,3/27/2020 15:54,
iLeo4K ,1,3/27/2020 15:39,
Martin ,0,3/27/2020 15:43,
LSF1234 ,0,3/27/2020 16:28,
Sadial1999 ,0,3/27/2020 17:17,
D0miniQPL ,0,3/27/2020 17:24,
BlackTeodor ,0,3/27/2020 18:45,
Ro0t ,11,2/13/2021 23:31,
Zuna33 ,0,3/28/2020 22:14,
Ochkolup ,0,3/27/2020 19:47,
Uber477 ,0,3/27/2020 19:51,
MikiSRB ,0,3/27/2020 20:08,
Wulf584 ,0,3/27/2020 20:18,
phinus221 ,0,5/6/2020 9:35,
petiiboii ,0,3/27/2020 20:58,
Vortex ,0,3/27/2020 21:03,
Istvan ,0,3/27/2020 21:19,
Slimy ,0,3/27/2020 22:15,
morphinefml ,0,3/27/2020 22:09,
dawidm2007 ,0,3/27/2020 23:12,
Dante777 ,4,3/27/2020 23:27,
AkaiAlexa ,0,3/27/2020 22:50,
Doviss ,0,3/27/2020 22:54,
FallenAngel616 ,0,3/27/2020 23:15,
Degradation ,0,3/28/2020 1:11,
leoomani ,0,3/28/2020 2:03,
tkerciku7 ,0,3/28/2020 2:21,
Mildroboy ,0,3/28/2020 2:52,
TommyJeans ,0,3/28/2020 5:05,
DavidH ,0,3/28/2020 9:55,
TransGalChloe ,2,3/28/2020 10:51,
tex479 ,0,3/28/2020 15:19,
Gamer027 ,0,3/28/2020 20:37,
DStrange05 ,0,3/28/2020 21:01,
Strego45 ,0,5/9/2020 9:51,
Adam963 ,0,5/9/2020 9:17,
Daza ,0,5/9/2020 13:11,
themaster ,0,12/20/2020 13:29,
DjekVor ,2,5/9/2020 16:19,
Inox ,0,5/10/2020 21:06,
Aleg22 ,0,5/9/2020 21:25,
olesh ,0,5/9/2020 23:15,
Tialator ,0,5/10/2020 12:09,
B4ND1T ,0,5/11/2020 0:02,
UnsualKM2 ,1,5/11/2020 22:05,
Asriel563 ,11,3/8/2021 14:53,
Luxees ,0,5/11/2020 23:04,
CarbO0 ,0,5/12/2020 12:51,
Actaer ,0,5/13/2020 14:33,
Slayer ,3,5/14/2020 2:01,
knechtruprecht ,0,5/14/2020 1:23,
Magic371 ,2,5/14/2020 11:40,
robinwells ,0,5/14/2020 19:20,
Ver ,0,5/14/2020 20:04,
ag13177 ,0,5/15/2020 6:17,
SWAGSTER ,0,5/16/2020 12:43,
KrypTiK1 ,0,5/17/2020 11:32,
patdml ,0,5/17/2020 20:17,
Phase10 ,2,5/28/2020 4:41,
lowis48224 ,0,5/19/2020 22:55,
190538,48,6/25/2020 23:43,
TheDarking ,0,5/22/2020 11:53,
TheKing ,0,5/22/2020 11:58,
HTH ,7,5/25/2020 13:04,
Ugop7 ,12,5/27/2020 13:18,
Joy ,0,5/24/2020 12:44,
joshgreatuk ,0,5/24/2020 19:58,
bicot69486 ,0,5/27/2020 10:14,
AnonymousLegion ,0,5/27/2020 14:56,
Feleh09 ,0,5/31/2020 8:44,
liverenes ,0,5/31/2020 19:31,
angellove ,0,6/1/2020 20:24,
terminator7x7 ,0,6/2/2020 13:28,
Cossinico ,0,6/4/2020 13:53,
Beamcode ,0,6/10/2020 9:38,
Paradox0003 ,0,6/10/2020 15:33,
Ducci ,0,6/10/2020 15:29,
nedeleww ,0,6/10/2020 16:31,
Maiorpio ,0,6/10/2020 17:19,
Wosduch ,0,6/10/2020 17:44,
jakubasek ,0,6/10/2020 20:35,
GhostExil ,0,6/10/2020 19:20,
Gabriel181 ,0,6/10/2020 20:05,
poSe1DoNM ,0,6/10/2020 20:14,
Gary44 ,0,6/10/2020 20:32,
Memoryuu ,0,6/10/2020 21:15,
tonoven889 ,0,6/10/2020 21:34,
Ksisios ,5,6/12/2020 11:31,
load1ng ,0,6/10/2020 22:28,
TheNest ,0,6/10/2020 22:39,
VauxPL ,0,6/10/2020 23:35,
leetxgod ,0,6/11/2020 3:55,
SaosandaR ,0,6/11/2020 6:10,
Toaka1234 ,0,6/14/2020 23:16,
H4CK3RG33K ,0,6/11/2020 9:44,
Unistall ,0,6/11/2020 9:50,
Barsik ,0,6/11/2020 9:53,
Alastor ,0,6/11/2020 9:59,
s1ks1 ,0,6/11/2020 16:31,
Luebbi ,0,6/12/2020 13:00,
Parsifal ,2,6/13/2020 22:56,
HighError ,0,6/12/2021 15:12,
JohnDoe ,0,6/11/2020 18:14,
Yuan1st ,0,6/12/2020 3:24,
monsterrugs ,0,6/12/2020 5:12,
Headshot ,7,6/12/2020 10:13,
Umbra ,0,6/12/2020 9:09,
Goose ,0,6/12/2020 9:08,
Spro386 ,0,6/12/2020 9:17,
Rampager ,0,6/12/2020 9:25,
dimakoloda ,0,6/12/2020 9:29,
TilenM7286 ,0,6/12/2020 10:06,
Filipekkk ,0,6/12/2020 11:18,
TheNikofosPlay ,0,6/12/2020 11:37,
Silver1965 ,0,6/12/2020 11:59,
Askalitrey ,0,6/12/2020 12:21,
Ghosty ,0,6/21/2020 11:36,
GeorgeHaz ,0,6/20/2020 16:54,
pedroneta1421 ,0,6/14/2020 2:55,
Butler ,0,6/12/2020 19:40,
Khrystal77 ,0,6/12/2020 15:45,
V3risterr ,0,6/15/2020 9:17,
Veristerr ,42,6/23/2020 11:29,
Buksna ,0,6/12/2020 17:06,
kurlik ,0,6/12/2020 20:14,
bbygeo ,0,6/12/2020 21:53,
Joniford ,0,6/12/2020 23:22,
Mutante ,0,6/13/2020 4:01,
GgHackerman ,0,6/13/2020 7:35,
Snaffey ,0,6/13/2020 9:02,
GUSAROFF ,0,6/13/2020 9:13,
Bromgard ,0,6/13/2020 9:42,
CYBERSVMURVI ,0,6/13/2020 11:16,
R3dy ,4,6/13/2020 13:47,
D3V1L ,11,6/17/2020 13:11,
GimMP ,0,6/13/2020 14:01,
MPACT ,0,6/13/2020 14:38,
Claudiocli ,2,7/5/2020 12:10,
Anesles ,2,6/13/2020 16:24,
Ptere2003 ,16,6/14/2020 0:34,
Davisitogg ,0,6/13/2020 18:41,
Rixban ,0,6/13/2020 22:55,
M4T3Y ,0,6/14/2020 1:07,
SrRodriguez ,6,6/15/2020 2:11,
ko3ackacka ,0,6/14/2020 2:07,
GA1I1EO ,7,6/16/2020 14:56,
Fashizl ,0,6/17/2020 17:32,
thesamedemon ,0,6/14/2020 11:42,
TheRaiden918 ,12,6/18/2020 21:53,
DanielMM7 ,0,6/14/2020 12:39,
xxSusel ,0,6/14/2020 13:29,
321321321,0,6/14/2020 16:36,
Ezic ,0,6/14/2020 23:41,
Omgboizz ,0,6/15/2020 22:46,
iDamn ,1,6/16/2020 11:38,
krazynez ,0,6/16/2020 22:40,
ItzSyntrax ,0,6/19/2020 21:02,
rakzdamiana ,0,6/21/2020 16:13,
Crypt ,0,6/22/2020 22:37,
LordMoore ,2,6/23/2020 6:55,
blacksquare00 ,0,6/25/2020 22:24,
DST2020 ,12,6/28/2020 21:39,
SafeTails ,2,6/28/2020 23:32,
Blackwolffin ,24,7/11/2020 4:21,
TinyRapunzel ,0,7/3/2020 3:59,
SinCity ,9,7/13/2020 21:49,
Darklordfreak ,8,7/13/2020 21:01,
ZoomINZ0D ,0,7/16/2020 12:42,
Grumpytroll9000 ,0,7/17/2020 17:32,
makeway ,0,7/17/2020 20:22,
Luis64gamer ,7,2/23/2022 1:34,
Bear ,0,7/29/2020 19:00,
HikoriHawky ,3,8/5/2020 18:36,
pussyboyfredo ,0,8/8/2020 22:20,
BlackShark17 ,13,8/12/2020 6:38,
MilkmanKarlson ,0,8/9/2020 14:20,
cyphur16 ,0,8/19/2020 8:00,
Szabinho ,10,8/13/2020 17:06,
Melfino ,0,8/14/2020 22:26,
Basch ,0,8/17/2020 1:27,
ScriptKitty ,19,8/19/2020 0:37,
Seo ,2,8/20/2020 14:46,
mge ,0,8/23/2020 0:02,
OverdrivedGamer ,6,6/14/2021 11:12,
jakeiscooler101 ,0,8/27/2020 16:07,
zakariahr11 ,2,8/27/2020 19:59,
Dannn ,12,9/1/2020 21:46,
Bolok ,2,9/7/2020 16:42,
